CASE_ID,ACCIDENT_YEAR,PROC_DATE,JURIS,COLLISION_DATE,COLLISION_TIME,OFFICER_ID,REPORTING_DISTRICT,DAY_OF_WEEK,CHP_SHIFT,POPULATION,CNTY_CITY_LOC,SPECIAL_COND,BEAT_TYPE,CHP_BEAT_TYPE,CITY_DIVISION_LAPD,CHP_BEAT_CLASS,BEAT_NUMBER,PRIMARY_RD,SECONDARY_RD,DISTANCE,DIRECTION,INTERSECTION,WEATHER_1,WEATHER_2,STATE_HWY_IND,CALTRANS_COUNTY,CALTRANS_DISTRICT,STATE_ROUTE,ROUTE_SUFFIX,POSTMILE_PREFIX,POSTMILE,LOCATION_TYPE,RAMP_INTERSECTION,SIDE_OF_HWY,TOW_AWAY,COLLISION_SEVERITY,NUMBER_KILLED,NUMBER_INJURED,PARTY_COUNT,PRIMARY_COLL_FACTOR,PCF_CODE_OF_VIOL,PCF_VIOL_CATEGORY,PCF_VIOLATION,PCF_VIOL_SUBSECTION,HIT_AND_RUN,TYPE_OF_COLLISION,MVIW,PED_ACTION,ROAD_SURFACE,ROAD_COND_1,ROAD_COND_2,LIGHTING,CONTROL_DEVICE,CHP_ROAD_TYPE,PEDESTRIAN_ACCIDENT,BICYCLE_ACCIDENT,MOTORCYCLE_ACCIDENT,TRUCK_ACCIDENT,NOT_PRIVATE_PROPERTY,ALCOHOL_INVOLVED,STWD_VEHTYPE_AT_FAULT,CHP_VEHTYPE_AT_FAULT,COUNT_SEVERE_INJ,COUNT_VISIBLE_INJ,COUNT_COMPLAINT_PAIN,COUNT_PED_KILLED,COUNT_PED_INJURED,COUNT_BICYCLIST_KILLED,COUNT_BICYCLIST_INJURED,COUNT_MC_KILLED,COUNT_MC_INJURED,PRIMARY_RAMP,SECONDARY_RAMP,LATITUDE,LONGITUDE,COUNTY,CITY,POINT_X,POINT_Y
6292202,2015,2015-07-31,0710,2015-03-01,2005,1586,,7,5,5,0710,0,0,0,,0,,"RHEEM AV","36TH ST",27.00,W,N,A,-,N,,,,,,,,,,N,1,1,0,2,A,-,11,21954,A,N,G,B,D,A,H,-,C,D,0,Y,,,,Y,Y,N,60,0,0,0,1,0,0,0,0,0,"- ","- ",,,"CONTRA COSTA",RICHMOND,-122.33300364,37.9498417
6314737,2014,2014-06-04,0710,2014-01-06,1000,1477,NORTH,1,5,5,0710,0,0,0,,0,007,"37TH ST","MACDONALD AV",0.00,,Y,A,-,N,,,,,,,,,,N,3,0,1,2,A,-,12,21453,A,N,D,G,A,A,H,-,A,A,0,,Y,,,Y,,L,04,0,1,0,0,0,0,1,0,0,"- ","- ",,,"CONTRA COSTA",RICHMOND,-122.33421992,37.933849960000003
6369629,2014,2015-01-09,0710,2014-01-17,1421,1324,NORTH,5,5,5,0710,0,0,0,,0,008,"PARKRIDGE DR","WOODLAND RD",0.00,,Y,A,-,N,,,,,,,,,,N,2,0,1,2,A,-,11,21956,,N,A,B,E,A,H,-,A,D,0,Y,,,,Y,Y,N,60,1,0,0,0,1,0,0,0,0,"- ","- ",,,"CONTRA COSTA",RICHMOND,-122.3433,37.991860000000003
6370074,2014,2014-06-13,0710,2014-02-03,1247,1380,NORTH,1,5,5,0710,0,0,0,,0,007,"MACDONALD AV","24TH ST",9.00,E,N,A,-,N,,,,,,,,,,N,4,0,1,2,A,-,10,21950,A,N,G,B,B,A,H,-,A,D,0,Y,,,,Y,,A,01,0,0,1,0,1,0,0,0,0,"- ","- ",,,"CONTRA COSTA",RICHMOND,-122.34630912,37.935566369999997
6370078,2014,2014-06-13,0710,2014-02-05,1722,1494,NORTH,3,5,5,0710,0,0,0,,0,007,"WILSON AV","CLINTON AV",35.00,N,N,C,-,N,,,,,,,,,,N,4,0,1,2,A,-,03,22350,,N,C,G,A,B,H,-,B,A,0,,Y,,,Y,Y,L,04,0,0,1,0,0,0,1,0,0,"- ","- ",,,"CONTRA COSTA",RICHMOND,-122.32846293999999,37.940569930000002
6370268,2014,2014-06-10,0710,2014-01-14,1743,1494,CENTR,2,5,5,0710,0,0,0,,0,006,"NEVIN AV","NEVIN AV BLK 500",0.00,,Y,A,-,N,,,,,,,,,,N,4,0,1,2,A,-,11,21954,A,N,C,B,D,A,H,-,C,D,0,Y,,,,Y,,N,60,0,0,1,0,1,0,0,0,0,"- ","- ",,,"CONTRA COSTA",RICHMOND,,
6381687,2014,2014-06-07,9370,2014-01-25,1727,20356,,6,2,5,0710,0,3,5,,2,010,"VERDE AV","GIARAMITA ST",67.00,W,N,A,-,N,,,,,,,,,,Y,2,0,1,4,A,-,01,23152,A,F,G,B,E,A,H,-,B,D,0,Y,,,,Y,Y,A,01,1,0,0,0,1,0,0,0,0,"- ","- ",37.960000000000001,-122.36364,"CONTRA COSTA",RICHMOND,-122.36354237,37.959964839999998
6403735,2014,2014-08-02,0710,2014-02-01,1405,1233,SOUTH,6,5,5,0710,0,0,0,,0,001,"BRICKYARD COVE RD","BRICKYARD WY",0.00,,Y,-,-,N,,,,,,,,,,N,2,0,1,2,A,-,"- ",,,N,H,G,A,-,-,-,-,-,0,,Y,,,Y,,L,04,1,0,0,0,0,0,1,0,0,"- ","- ",,,"CONTRA COSTA",RICHMOND,-122.38082993,37.9115799
6414013,2014,2014-06-11,0710,2014-01-17,1910,1662,0710,5,5,5,0710,0,0,0,,0,008,"KLOSE WY","KLOSE WY 3200",0.00,,N,A,-,N,,,,,,,,,,N,3,0,3,4,A,-,10,21950,A,N,G,B,B,A,H,-,C,A,0,Y,,,,Y,,A,01,0,1,2,0,3,0,0,0,0,"- ","- ",,,"CONTRA COSTA",RICHMOND,-122.32147694,37.981902839999997
6414016,2014,2014-07-23,0710,2014-01-25,1602,1546,CENTR,6,5,5,0710,0,0,0,,0,005,"7TH ST","PENNSYLVANIA AV",0.00,,Y,A,-,N,,,,,,,,,,N,4,0,1,2,A,-,08,22107,,F,G,B,B,A,H,-,A,A,0,Y,,,,Y,,-,,0,0,1,0,1,0,0,0,0,"- ","- ",,,"CONTRA COSTA",RICHMOND,-122.36258986999999,37.942579879999997
6414017,2014,2014-06-11,0710,2014-01-19,1654,1667,BAY,7,5,5,0710,0,0,0,,0,003,"CENTRAL AV","RYDIN AV",0.00,,Y,A,-,N,,,,,,,,,,N,3,0,1,2,A,-,05,21202,,N,D,G,A,A,H,-,B,A,0,,Y,,,Y,,L,04,0,1,0,0,0,0,1,0,0,"- ","- ",,,"CONTRA COSTA",RICHMOND,-122.31670985,37.899689989999999
6431104,2014,2014-07-17,0710,2014-03-16,2003,1484,SOUTH,7,5,5,0710,0,0,0,,0,004,"MACDONALD AV","21ST ST",0.00,,Y,A,-,N,,,,,,,,,,N,4,0,1,2,A,-,"- ",,,N,G,B,B,A,H,-,C,A,0,Y,,,,Y,,-,,0,0,1,0,1,0,0,0,0,"- ","- ",,,"CONTRA COSTA",RICHMOND,-122.34955988999999,37.935739959999999
6435399,2014,2014-07-07,0710,2014-02-05,0830,1477,NORTH,3,5,5,0710,0,0,0,,0,007,"24TH ST","ROOSEVELT AV",0.00,,Y,B,-,N,,,,,,,,,,N,4,0,1,2,A,-,10,21950,A,M,G,B,B,A,H,-,A,D,0,Y,,,,Y,,A,01,0,0,1,0,1,0,0,0,0,"- ","- ",,,"CONTRA COSTA",RICHMOND,-122.3453999,37.939769890000001
6450118,2014,2014-07-03,0710,2014-03-24,0904,1380,NORTH,1,5,5,0710,0,0,0,,0,007,"22ND ST","BARRETT AV",0.00,,Y,A,-,N,,,,,,,,,,N,4,0,1,2,A,-,09,21801,A,N,-,G,A,A,H,-,A,-,0,,Y,,,Y,,A,07,0,0,1,0,0,0,1,0,0,"- ","- ",,,"CONTRA COSTA",RICHMOND,-122.34855989,37.938459989999998
6483028,2014,2014-07-15,0710,2014-04-15,1840,1505,NORTH,2,5,5,0710,0,0,0,,0,007,"MACDONALD AV","24TH ST",0.00,,Y,A,-,N,,,,,,,,,,N,3,0,1,2,A,-,10,21950,A,N,G,B,B,A,H,-,A,D,0,Y,,,,Y,Y,A,01,0,1,0,0,1,0,0,0,0,"- ","- ",,,"CONTRA COSTA",RICHMOND,-122.34633988,37.935569899999997
6501438,2014,2014-08-28,0710,2014-05-08,1602,1505,SOUTH,4,5,5,0710,0,0,0,,0,003,"BAYVIEW AV","HARTNETT AV",0.00,,Y,A,-,N,,,,,,,,,,N,3,0,1,2,A,-,05,21650,,N,B,G,A,A,H,-,A,D,0,,Y,,,Y,,L,04,0,1,0,0,0,0,1,0,0,"- ","- ",,,"CONTRA COSTA",RICHMOND,-122.32308997,37.91494995
6515976,2014,2014-09-19,0710,2014-06-24,1510,1454,CENTR,2,5,5,0710,0,0,0,,0,006,"MACDONALD AV","16TH ST",24.00,E,N,A,-,N,,,,,,,,,,N,4,0,1,2,A,-,10,21950,A,F,D,G,A,A,H,-,A,A,0,,Y,,,Y,,A,,0,0,1,0,0,0,1,0,0,"- ","- ",,,"CONTRA COSTA",RICHMOND,-122.35414676000001,37.93571
6548244,2014,2014-07-30,0710,2014-05-28,2012,1524,SOUTH,3,5,5,0710,0,0,0,,0,001,"OHIO AV","GARRARD BL",0.00,,Y,A,-,N,,,,,,,,,,N,4,0,1,2,A,-,05,21650,1,N,D,G,A,A,H,-,A,A,0,,Y,,,Y,,L,04,0,0,1,0,0,0,1,0,0,"- ","- ",,,"CONTRA COSTA",RICHMOND,-122.3779095,37.930805999999997
6562855,2014,2014-08-13,0710,2014-06-23,2147,1398,,1,5,5,0710,0,0,0,,0,009,"SAN PABLO AV","HILLTOP DR",250.00,S,N,A,-,N,,,,,,,,,,N,3,0,1,2,A,-,05,21650,1,N,D,G,A,A,H,-,D,D,0,,Y,,,Y,,L,04,0,1,0,0,0,0,1,0,0,"- ","- ",,,"CONTRA COSTA",RICHMOND,-122.33570632999999,37.985294580000001
6567155,2014,2014-08-01,0710,2014-06-19,1716,1586,,4,5,5,0710,0,0,0,,0,003,"CARLSON BL","HUNTINGTON AV",0.00,,Y,A,-,N,,,,,,,,,,N,2,0,4,5,A,-,10,21950,A,N,-,B,B,A,H,-,A,A,0,Y,,,,Y,,A,01,1,3,0,0,4,0,0,0,0,"- ","- ",,,"CONTRA COSTA",RICHMOND,-122.30855998,37.907759900000002
6585991,2014,2014-08-19,0710,2014-07-14,1823,1505,SOUTH,1,5,5,0710,0,0,0,,0,002,"HARBOUR WY S","HALL AV",380.00,S,N,B,-,N,,,,,,,,,,N,3,0,1,2,A,-,08,22107,,N,C,G,A,A,H,-,A,D,0,,Y,,,Y,,L,04,0,1,0,0,0,0,1,0,0,"- ","- ",,,"CONTRA COSTA",RICHMOND,-122.35955611,37.912724220000001
6587766,2014,2014-09-03,0710,2014-06-17,2107,1524,CENTR,2,5,5,0710,0,0,0,,0,005,"13TH ST","VISALIA AV",120.00,N,N,A,-,N,,,,,,,,,,N,3,0,1,3,A,-,05,21650,1,N,A,G,A,A,H,-,C,A,0,,Y,,,Y,,L,04,0,1,0,0,0,0,1,0,0,"- ","- ",,,"CONTRA COSTA",RICHMOND,-122.35736412999999,37.946828910000001
6628918,2014,2014-09-26,0710,2014-08-10,1131,1658,CENTR,7,5,5,0710,0,0,0,,0,005,"7TH ST","LUCAS AV",100.00,N,N,A,-,N,,,,,,,,,,N,4,0,1,2,A,-,17,22517,,N,E,G,A,A,H,-,A,D,0,,Y,,,Y,,-,,0,0,1,0,0,0,1,0,0,"- ","- ",,,"CONTRA COSTA",RICHMOND,-122.36270709999999,37.94471386
6650776,2014,2014-10-31,0710,2014-09-20,1700,1641,SOUTH,6,5,5,0710,0,0,0,,0,003,"CUTTING BL","CARLSON BL",0.00,,Y,A,-,N,,,,,,,,,,N,3,0,1,2,A,-,10,21950,A,N,G,B,B,A,H,-,A,A,0,Y,,,,Y,,-,,0,1,0,0,1,0,0,0,0,"- ","- ",,,"CONTRA COSTA",RICHMOND,-122.33811989,37.925209979999998
6651605,2014,2014-10-24,0710,2014-09-17,0005,1652,NORTH,3,5,5,0710,0,0,0,,0,004,"GRANT AV","21ST ST",12.00,E,N,A,-,N,,,,,,,,,,N,4,0,1,2,A,-,10,21950,C,F,A,B,D,A,H,-,C,D,0,Y,,,,Y,,-,99,0,0,1,0,1,0,0,0,0,"- ","- ",,,"CONTRA COSTA",RICHMOND,-122.34945838,37.941400000000002
6678087,2015,2016-02-17,0710,2015-05-12,0510,1380,NORTH,2,5,5,0710,0,0,0,,0,008,"SAN PABLO AV","HILLTOP DR",0.00,,Y,B,-,N,,,,,,,,,,N,1,1,0,2,A,-,11,21954,A,N,G,B,D,A,H,-,C,A,0,Y,,,,Y,,N,60,0,0,0,1,0,0,0,0,0,"- ","- ",,,"CONTRA COSTA",RICHMOND,-122.33540997,37.98593992
6696667,2014,2015-01-05,0710,2014-10-18,2336,1645,NORTH,6,5,5,0710,0,0,0,,0,007,"BARRETT AV","29TH ST",0.00,,Y,A,-,N,,,,,,,,,,N,3,0,1,2,A,-,09,21803,A,N,A,G,A,A,H,-,C,D,0,,Y,,,Y,,L,04,0,1,0,0,0,0,1,0,0,"- ","- ",,,"CONTRA COSTA",RICHMOND,-122.34056984999999,37.937539989999998
6696671,2014,2016-02-29,0710,2014-10-17,2137,1512,CENTR,5,5,5,0710,0,0,0,,0,006,"MACDONALD AV","4TH ST",0.00,,Y,A,-,N,,,,,,,,,,N,3,0,1,2,A,-,12,22450,,F,G,B,A,A,H,-,C,A,0,,Y,,,Y,,L,04,0,1,0,0,0,0,1,0,0,"- ","- ",,,"CONTRA COSTA",RICHMOND,-122.36563990000001,37.935719990000003
6713647,2014,2015-01-06,0710,2014-10-30,1532,1324,NORTH,4,5,5,0710,0,0,0,,0,008,"BLUME DR","AUTO PLAZA DR",0.00,,Y,B,-,N,,,,,,,,,,N,3,0,1,2,A,-,10,21950,A,N,G,B,B,A,H,-,A,A,0,Y,,,,Y,,D,22,0,1,0,0,1,0,0,0,0,"- ","- ",,,"CONTRA COSTA",RICHMOND,-122.3224695,37.982852999999999
6772333,2014,2015-01-27,0710,2014-11-30,0045,1582,NORTH,7,5,5,0710,0,0,0,,0,007,"23RD ST","HUMPHREY AV",0.00,,Y,C,-,N,,,,,,,,,,Y,2,0,1,2,A,-,01,23152,A,F,G,B,D,B,H,-,C,D,0,Y,,,,Y,Y,-,,1,0,0,0,1,0,0,0,0,"- ","- ",,,"CONTRA COSTA",RICHMOND,-122.34744996000001,37.948489930000001
6780673,2015,2015-02-25,0710,2015-01-09,1815,1662,0710,5,5,5,0710,0,0,0,,0,004,"21ST ST","MACDONALD AV",10.00,N,N,B,-,N,,,,,,,,,,N,4,0,1,2,A,-,05,21202,A,N,B,G,A,A,H,-,C,A,0,,Y,,,Y,,L,04,0,0,1,0,0,0,1,0,0,"- ","- ",,,"CONTRA COSTA",RICHMOND,-122.34955975,37.935767470000002
6781915,2014,2015-01-23,0710,2014-10-18,1849,1652,CENTR,6,5,5,0710,0,0,0,,0,005,"HARBOUR WY","NEVIN AV",0.00,,Y,A,-,N,,,,,,,,,,N,4,0,1,2,A,-,10,21950,A,N,G,B,B,A,H,-,C,A,0,Y,,,,Y,,A,01,0,0,1,0,1,0,0,0,0,"- ","- ",,,"CONTRA COSTA",RICHMOND,-122.36002993,37.936819919999998
6782035,2014,2016-02-29,0710,2014-11-20,1316,1242,SOUTH,4,5,5,0710,0,0,0,,0,003,"CENTRAL AV","SAN LUIS ST",0.00,,Y,B,-,N,,,,,,,,,,N,4,0,1,2,A,-,10,21950,A,N,G,B,B,B,H,-,A,A,0,Y,,,,Y,,A,01,0,0,1,0,1,0,0,0,0,"- ","- ",,,"CONTRA COSTA",RICHMOND,-122.30983988,37.901079969999998
6783239,2014,2015-01-27,0710,2014-11-09,1138,1658,CENTR,7,5,5,0710,0,0,0,,0,005,"7TH ST","LINCOLN AV",138.00,N,N,A,-,N,,,,,,,,,,N,3,0,1,2,A,-,21,22106,,N,G,B,F,A,H,-,A,D,0,Y,,,,Y,,-,,0,1,0,0,1,0,0,0,0,"- ","- ",,,"CONTRA COSTA",RICHMOND,-122.36270777,37.946509069999998
6788965,2015,2015-03-04,0710,2015-01-18,1242,1242,STHRN,7,5,5,0710,0,0,0,,0,003,"CARLSON BL","FLORIDA AV",28.00,S,N,B,-,N,,,,,,,,,,Y,4,0,1,2,A,-,05,21650,1,F,A,G,A,A,H,-,A,D,0,,Y,,,Y,Y,L,04,0,0,1,0,0,0,1,0,0,"- ","- ",,,"CONTRA COSTA",RICHMOND,-122.3437795,37.929309099999998
6788985,2015,2016-04-26,0710,2015-01-13,0717,1505,NRTHN,2,5,5,0710,0,0,0,,0,007,"SAN PABLO AV","NEVIN AV",0.00,,Y,B,-,N,,,,,,,,,,N,3,0,1,2,A,-,10,21950,A,N,G,B,B,A,H,-,A,D,0,Y,,,,Y,,A,01,0,1,0,0,1,0,0,0,0,"- ","- ",,,"CONTRA COSTA",RICHMOND,-122.32422998,37.933599960000002
6795355,2014,2015-02-13,0710,2014-12-19,1908,1586,,5,5,5,0710,0,0,0,,0,004,"RHEEM AV","13TH ST",0.00,,Y,B,-,N,,,,,,,,,,,3,0,1,2,A,-,11,21456,B,N,G,B,B,A,H,-,C,A,0,Y,,,,Y,,N,60,0,1,0,0,1,0,0,0,0,"- ","- ",,,"CONTRA COSTA",RICHMOND,-122.35717997,37.949579960000001
6797594,2014,2015-02-06,0710,2014-12-02,1300,1505,STHRN,2,5,5,0710,0,0,0,,0,003,"CENTRAL AV","RYDIN RD",0.00,,Y,A,-,Y,,,,,,,,,,N,3,0,1,2,A,-,05,21650,1,N,D,G,A,A,H,-,A,D,0,,Y,,,Y,,L,04,0,1,0,0,0,0,1,0,0,"- ","- ",,,"CONTRA COSTA",RICHMOND,-122.31670985,37.899689989999999
6809986,2015,2015-03-04,0710,2015-01-21,0803,1380,NORTH,3,5,5,0710,0,0,0,,0,007,"RHEEM AV","23RD ST",0.00,,Y,A,-,N,,,,,,,,,,N,4,0,1,2,A,-,10,21950,A,N,G,B,B,A,H,-,A,A,0,Y,,,,Y,,A,01,0,0,1,0,1,0,0,0,0,"- ","- ",,,"CONTRA COSTA",RICHMOND,-122.34744995,37.949759919999998
6812093,2015,2015-03-03,0710,2015-01-11,2340,1224,,7,5,5,0710,0,0,0,,0,001,"S 34TH ST","REGATTA BL",90.00,N,N,B,-,N,,,,,,,,,,N,3,0,1,2,A,-,11,21956,B,F,G,B,E,A,H,-,D,D,0,Y,,,,Y,,N,60,0,1,0,0,1,0,0,0,0,"- ","- ",,,"CONTRA COSTA",RICHMOND,-122.33676937,37.918437040000001
6818731,2015,2015-03-10,9370,2015-01-16,1415,20425,,5,2,5,0710,1,4,S,,2,901,"MACDONALD AV","23RD ST",10.00,W,N,B,-,N,,,,,,,,,,N,3,0,1,2,A,-,12,21453,A,N,D,G,A,A,H,-,A,A,0,,Y,,,Y,,L,04,0,1,0,0,0,0,1,0,0,"- ","- ",37.5687,-122.2052,"CONTRA COSTA",RICHMOND,-122.34758468,37.935730339999999
6821072,2015,2015-04-06,0710,2015-02-01,1916,1655,CENTR,7,5,5,0710,0,0,0,,0,004,"COALINGA AV","17TH ST",234.00,E,N,A,-,N,,,,,,,,,,N,4,0,1,2,A,-,11,21954,,N,A,B,E,A,H,-,C,D,0,Y,,,,Y,Y,N,60,0,0,1,0,1,0,0,0,0,"- ","- ",,,"CONTRA COSTA",RICHMOND,-122.35297826999999,37.947405310000001
6822098,2015,2015-02-26,0710,2015-01-29,1730,1524,CENTR,4,5,5,0710,0,0,0,,0,004,"BURBECK AV","20TH ST",0.00,,Y,A,-,N,,,,,,,,,,N,3,0,1,2,A,-,03,22350,,F,G,B,D,A,E,-,C,A,0,Y,,,,Y,,A,01,0,1,0,0,1,0,0,0,0,"- ","- ",,,"CONTRA COSTA",RICHMOND,-122.35013988999999,37.943099920000002
6823591,2015,2015-03-03,0710,2015-01-30,1814,1512,CENTR,5,5,5,0710,0,0,0,,0,005,"PENNSYLVANIA AV","9TH ST",0.00,,Y,A,-,N,,,,,,,,,,Y,3,0,1,2,A,-,10,21954,B,N,G,B,D,A,H,-,C,D,0,Y,,,,Y,Y,-,,0,1,0,0,1,0,0,0,0,"- ","- ",,,"CONTRA COSTA",RICHMOND,-122.36085989,37.942579969999997
6823599,2015,2015-03-03,0710,2015-01-29,0950,1505,NORTH,4,5,5,0710,0,0,0,,0,007,"MACDONALD AV","24TH ST",0.00,,Y,A,-,N,,,,,,,,,,N,3,0,2,3,A,-,10,21950,A,N,G,B,B,A,H,-,A,D,0,Y,,,,Y,,A,01,0,1,1,0,2,0,0,0,0,"- ","- ",,,"CONTRA COSTA",RICHMOND,-122.34633988,37.935569899999997
6825757,2015,2015-03-06,0710,2015-01-12,0901,1494,NORTH,1,5,5,0710,0,0,0,,0,001,"ABERDEEN WY","ABERDEEN WY 2400",0.00,,N,A,-,N,,,,,,,,,,N,4,0,1,3,A,-,21,22106,,N,G,B,E,A,H,-,A,D,0,Y,,,,Y,,A,01,0,0,1,0,1,0,0,0,0,"- ","- ",,,"CONTRA COSTA",RICHMOND,-122.34085321000001,37.974999179999998
6826261,2015,2015-04-01,0710,2015-02-09,2143,1690,,1,5,5,0710,0,0,0,,0,007,"SAN PABLO AV","SAN PABLO 12999",0.00,,Y,A,-,N,,,,,,,,,,N,3,0,1,2,A,-,09,21804,A,N,-,G,A,A,H,-,C,D,0,,Y,,,Y,,L,04,0,1,0,0,0,0,1,0,0,"- ","- ",,,"CONTRA COSTA",RICHMOND,-122.33161569000001,37.949028499999997
6854317,2014,2015-08-15,0710,2014-12-31,1908,1586,,3,5,5,0710,0,0,0,,0,003,"CENTRAL AV","SAN MATEO ST",46.00,E,N,B,-,N,,,,,,,,,,N,1,1,0,2,A,-,05,21650,1,N,H,G,A,A,H,-,C,D,0,,Y,,Y,Y,,L,04,0,0,0,0,0,1,0,0,0,"- ","- ",,,"CONTRA COSTA",RICHMOND,-122.30859375999999,37.901285340000001
6855390,2015,2015-03-30,0710,2015-02-17,1124,1380,NORTH,2,5,5,0710,0,0,0,,0,007,"23RD ST","23RD ST 700",0.00,,-,A,-,N,,,,,,,,,,N,3,0,1,2,A,-,05,21202,A,N,B,G,A,A,H,-,A,D,0,,Y,,,Y,,L,04,0,1,0,0,0,0,1,0,0,"- ","- ",,,"CONTRA COSTA",RICHMOND,-122.34750062000001,37.942215519999998
6855391,2015,2015-03-24,0710,2015-02-05,0703,1494,CENTR,4,5,5,0710,0,0,0,,0,006,"BARRETT AV","2ND ST",8.00,W,N,A,-,N,,,,,,,,,,N,4,0,1,2,A,-,05,21650,1,N,A,G,A,A,H,-,A,A,0,,Y,,,Y,,L,04,0,0,1,0,0,0,1,0,0,"- ","- ",,,"CONTRA COSTA",RICHMOND,-122.36769775,37.938429999999997
6855393,2015,2015-03-24,0710,2015-02-17,1027,1643,CENTR,2,5,5,0710,0,0,0,,0,006,"HARBOUR WY","NEVIN AV",0.00,,Y,B,-,N,,,,,,,,,,N,4,0,1,2,A,-,09,21453,B,F,G,B,B,A,H,-,A,-,0,Y,,,,Y,,-,99,0,0,1,0,1,0,0,0,0,"- ","- ",,,"CONTRA COSTA",RICHMOND,-122.36002993,37.936819919999998
6855395,2015,2015-03-25,0710,2015-02-22,2118,1364,NORTH,7,5,5,0710,0,0,0,,0,009,"WAGON WHEEL WY","BUCKBOARD WY",0.00,,Y,A,-,N,,,,,,,,,,N,4,0,1,2,A,-,08,22107,,N,A,B,D,A,H,-,C,D,0,Y,,,,Y,,-,,0,0,1,0,1,0,0,0,0,"- ","- ",,,"CONTRA COSTA",RICHMOND,-122.25018991,37.964629930000001
6855765,2015,2015-03-26,0710,2015-03-02,1623,1380,NORTH,1,5,5,0710,0,0,0,,0,007,"MACDONALD AV","45TH ST",429.00,E,N,A,-,N,,,,,,,,,,N,4,0,1,2,A,-,06,21750,,N,B,G,A,A,H,-,A,D,0,,Y,,,Y,,A,01,0,0,1,0,0,0,1,0,0,"- ","- ",,,"CONTRA COSTA",RICHMOND,-122.32608126,37.932445010000002
6872184,2015,2015-04-17,0710,2015-02-24,1626,1524,NORTH,2,5,5,0710,0,0,0,,0,007,"23RD ST","LINCOLN AV",0.00,,Y,A,-,N,,,,,,,,,,N,4,0,1,2,A,-,10,21950,A,F,G,B,B,A,H,-,A,A,0,Y,,,,Y,,A,01,0,0,1,0,1,0,0,0,0,"- ","- ",,,"CONTRA COSTA",RICHMOND,-122.34747999,37.946329980000002
6876811,2015,2016-09-26,0710,2015-03-26,1630,1662,0710,4,5,5,0710,0,0,0,,0,003,"CENTRAL AV",RT80,5.00,N,N,A,-,Y,CC,4,80,-,-,0.101,R,1,E,N,4,0,1,2,A,-,11,21950,B,N,B,B,B,A,H,-,A,A,0,Y,,,,Y,,N,60,0,0,1,0,1,0,0,0,0,"- ",EF,,,"CONTRA COSTA",RICHMOND,-122.3097423,37.899270260000002
6881558,2015,2015-04-27,0710,2015-03-14,0014,1652,NORTH,6,5,5,0710,0,0,0,,0,007,"SAN PABLO AV","MCBRYDE AV",157.00,S,N,A,-,N,,,,,,,,,,N,2,0,1,2,A,-,11,21954,A,N,A,B,D,A,H,-,C,A,0,Y,,,,Y,,N,60,1,0,0,0,1,0,0,0,0,"- ","- ",,,"CONTRA COSTA",RICHMOND,-122.33054825000001,37.946816339999998
6881594,2015,2015-04-27,0710,2015-03-05,1856,1687,CENTR,4,5,5,0710,0,0,0,,0,005,"NEVIN AV","5TH ST",0.00,,Y,A,-,N,,,,,,,,,,N,3,0,1,2,A,-,11,21950,B,F,G,B,E,A,H,-,C,A,0,Y,,,,Y,,N,60,0,1,0,0,1,0,0,0,0,"- ","- ",,,"CONTRA COSTA",RICHMOND,-122.36468986,37.936839910000003
6881598,2015,2015-04-27,0710,2015-03-08,0118,1641,SOUTH,7,5,5,0710,0,0,0,,0,003,"PACIFIC MALL","SAN DIEGO ST",67.00,S,N,A,-,N,,,,,,,,,,Y,2,0,1,2,A,-,01,23153,A,F,G,B,E,A,H,-,C,D,0,Y,,,,Y,,-,,1,0,0,0,1,0,0,0,0,"- ","- ",,,"CONTRA COSTA",RICHMOND,,
6881980,2015,2015-04-22,0710,2015-03-18,2230,1662,0710,3,5,5,0710,0,0,0,,0,007,"BARRETT AV","HAYES ST",33.00,E,N,A,-,N,,,,,,,,,,N,3,0,1,2,A,-,11,21954,A,N,G,B,D,A,H,-,C,D,0,Y,,,,Y,Y,N,60,0,1,0,0,1,0,0,0,0,"- ","- ",,,"CONTRA COSTA",RICHMOND,-122.34653738999999,37.938353730000003
6905008,2015,2017-03-06,0710,2015-05-03,1456,1662,0710,7,5,5,0710,0,0,0,,0,005,"13TH ST","RHEEM AV",5.00,S,N,A,-,N,,,,,,,,,,N,4,0,1,2,A,-,09,21801,A,N,E,G,A,A,H,-,A,A,0,,Y,,,Y,Y,J,48,0,0,1,0,0,0,1,0,0,"- ","- ",,,"CONTRA COSTA",RICHMOND,-122.35718095,37.949566279999999
6932415,2015,2015-06-08,0710,2015-05-01,1255,1494,SOUTH,5,5,5,0710,0,0,0,,0,003,"CENTRAL AV","RYDIN RD",60.00,W,N,A,-,N,,,,,,,,,,N,3,0,1,2,A,-,10,21950,A,N,G,B,B,A,H,-,A,A,0,Y,,,,Y,,A,07,0,1,0,0,1,0,0,0,0,"- ","- ",,,"CONTRA COSTA",RICHMOND,-122.31691223999999,37.899651480000003