CASE_ID,ACCIDENT_YEAR,PROC_DATE,JURIS,COLLISION_DATE,COLLISION_TIME,OFFICER_ID,REPORTING_DISTRICT,DAY_OF_WEEK,CHP_SHIFT,POPULATION,CNTY_CITY_LOC,SPECIAL_COND,BEAT_TYPE,CHP_BEAT_TYPE,CITY_DIVISION_LAPD,CHP_BEAT_CLASS,BEAT_NUMBER,PRIMARY_RD,SECONDARY_RD,DISTANCE,DIRECTION,INTERSECTION,WEATHER_1,WEATHER_2,STATE_HWY_IND,CALTRANS_COUNTY,CALTRANS_DISTRICT,STATE_ROUTE,ROUTE_SUFFIX,POSTMILE_PREFIX,POSTMILE,LOCATION_TYPE,RAMP_INTERSECTION,SIDE_OF_HWY,TOW_AWAY,COLLISION_SEVERITY,NUMBER_KILLED,NUMBER_INJURED,PARTY_COUNT,PRIMARY_COLL_FACTOR,PCF_CODE_OF_VIOL,PCF_VIOL_CATEGORY,PCF_VIOLATION,PCF_VIOL_SUBSECTION,HIT_AND_RUN,TYPE_OF_COLLISION,MVIW,PED_ACTION,ROAD_SURFACE,ROAD_COND_1,ROAD_COND_2,LIGHTING,CONTROL_DEVICE,CHP_ROAD_TYPE,PEDESTRIAN_ACCIDENT,BICYCLE_ACCIDENT,MOTORCYCLE_ACCIDENT,TRUCK_ACCIDENT,NOT_PRIVATE_PROPERTY,ALCOHOL_INVOLVED,STWD_VEHTYPE_AT_FAULT,CHP_VEHTYPE_AT_FAULT,COUNT_SEVERE_INJ,COUNT_VISIBLE_INJ,COUNT_COMPLAINT_PAIN,COUNT_PED_KILLED,COUNT_PED_INJURED,COUNT_BICYCLIST_KILLED,COUNT_BICYCLIST_INJURED,COUNT_MC_KILLED,COUNT_MC_INJURED,PRIMARY_RAMP,SECONDARY_RAMP,LATITUDE,LONGITUDE,COUNTY,CITY,POINT_X,POINT_Y
6943921,2015,2015-06-10,0710,2015-04-20,1743,1494,NORTH,1,5,5,0710,0,0,0,,0,007,"27TH ST","BARRETT AV",0.00,,Y,A,-,N,,,,,,,,,,Y,3,0,2,2,A,-,12,21453,A,N,D,G,A,A,H,-,A,A,0,,Y,,,Y,,L,04,0,2,0,0,0,0,2,0,0,"- ","- ",,,"CONTRA COSTA",RICHMOND,-122.34228987,37.937749920000002
6945605,2015,2015-06-22,0710,2015-05-05,2033,1687,CENTR,2,5,5,0710,0,0,0,,0,006,"CHANSLOR AV","16TH ST",39.00,E,N,A,-,N,,,,,,,,,,Y,4,0,1,4,A,-,17,21663,,M,D,B,F,A,H,-,C,A,0,Y,,,,Y,,A,07,0,0,1,0,1,0,0,0,0,"- ","- ",,,"CONTRA COSTA",RICHMOND,-122.35411474,37.932450000000003
6965554,2015,2015-07-14,0710,2015-06-03,2330,1315,SOUTH,3,5,5,0710,0,0,0,,0,002,"HOFFMAN BL","MARINA WAY SOUTH",80.00,E,N,A,-,N,,,,,,,,,,N,3,0,1,2,A,-,08,22107,,F,C,G,A,A,H,-,C,D,0,,Y,,,Y,,-,99,0,1,0,0,0,0,1,0,0,"- ","- ",,,"CONTRA COSTA",RICHMOND,-122.35559274000001,37.922557699999999
6976933,2014,2015-07-08,0710,2014-10-27,1535,1505,CENTR,1,5,5,0710,0,0,0,,0,005,"MARKET AV","RUMRILL BL",600.00,W,N,A,-,N,,,,,,,,,,N,3,0,1,2,A,-,08,22107,,F,B,G,A,A,H,-,A,D,0,,Y,,,Y,,A,01,0,1,0,0,0,0,1,0,0,"- ","- ",,,"CONTRA COSTA",RICHMOND,-122.35873717,37.958664980000002
6990930,2015,2015-08-04,0710,2015-04-20,1915,1505,SOUTH,1,5,5,0710,0,0,0,,0,003,"CARLSON BL","CUTTING BL",0.00,,Y,A,-,N,,,,,,,,,,N,3,0,2,2,A,-,12,21453,A,N,D,G,A,A,H,-,A,A,0,,Y,Y,,Y,,L,04,0,2,0,0,0,0,1,0,1,"- ","- ",,,"CONTRA COSTA",RICHMOND,-122.33811989,37.925209979999998
6994343,2015,2015-07-31,0710,2015-05-01,1922,1524,,5,5,5,0710,0,0,0,,0,007,"NEVIN AV","23RD ST",0.00,,Y,A,-,N,,,,,,,,,,Y,2,0,1,2,A,-,11,21453,D,N,G,B,B,A,H,-,A,A,0,Y,,,,Y,Y,N,60,1,0,0,0,1,0,0,0,0,"- ","- ",,,"CONTRA COSTA",RICHMOND,-122.34754993,37.936849899999999
6995241,2015,2016-06-15,0710,2015-06-08,0629,1679,CENTR,1,5,5,0710,0,0,0,,0,006,"W MACDONALD AV","RICHMOND PKWY",27.00,E,N,A,-,N,,,,,,,,,,N,4,0,1,2,A,-,08,22107,,N,D,G,A,A,H,-,A,A,0,,Y,,,Y,,A,01,0,0,1,0,0,0,1,0,0,"- ","- ",,,"CONTRA COSTA",RICHMOND,-122.37288287,37.935867930000001
6999078,2015,2015-07-23,9370,2015-07-01,0733,19866,,3,1,5,0710,1,4,S,,2,901,"13TH ST","HELLINGS AV",0.00,,Y,A,-,N,,,,,,,,,,N,4,0,1,2,A,-,09,21802,A,N,D,G,A,A,H,-,A,A,0,,Y,,,Y,,H,14,0,0,1,0,0,0,1,0,0,"- ","- ",37.948160000000001,-122.35711000000001,"CONTRA COSTA",RICHMOND,-122.35728991000001,37.948119980000001
7028191,2015,2015-10-12,0710,2015-09-23,1940,1662,0710,3,5,5,0710,0,0,0,,0,008,"SHANE DR","GILMA DR",30.00,N,N,A,-,N,,,,,,,,,,N,3,0,1,2,A,-,11,21950,B,N,G,B,D,A,H,-,C,D,0,Y,,,,Y,Y,N,60,0,1,0,0,1,0,0,0,0,"- ","- ",,,"CONTRA COSTA",RICHMOND,-122.3285642,37.975301459999997
7045839,2015,2015-10-02,0710,2015-05-23,1950,1683,NORTH,6,5,5,0710,0,0,0,,0,007,"MACDONALD AV","37TH ST",4.00,W,N,A,-,N,,,,,,,,,,N,4,0,1,2,A,-,10,21950,A,F,B,B,B,A,H,-,A,A,0,Y,,,,Y,,A,01,0,0,1,0,1,0,0,0,0,"- ","- ",,,"CONTRA COSTA",RICHMOND,-122.33423363999999,37.933852010000003
7047297,2015,2015-09-15,0710,2015-06-25,1428,1586,,4,5,5,0710,0,0,0,,0,006,"BARRETT AV","18TH ST",0.00,,Y,-,-,N,,,,,,,,,,N,3,0,1,2,A,-,09,21802,A,N,D,G,A,-,H,-,A,A,0,,Y,,,Y,,-,99,0,1,0,0,0,0,0,0,0,"- ","- ",,,"CONTRA COSTA",RICHMOND,-122.35248987999999,37.93845992
7047301,2015,2015-10-02,0710,2015-06-19,1129,1607,SOUTH,5,5,5,0710,0,0,0,,0,003,"CARLSON BL","SACRAMENTO AV",0.00,,Y,A,-,N,,,,,,,,,,N,4,0,1,2,A,-,10,21950,A,N,G,B,B,A,H,-,A,D,0,Y,,,,Y,,-,,0,0,1,0,1,0,0,0,0,"- ","- ",,,"CONTRA COSTA",RICHMOND,-122.30771992,37.906529890000002
7056870,2015,2015-10-10,0710,2015-07-22,1915,1662,,3,5,5,0710,0,0,0,,0,,"ESMOND AV","35TH ST",0.00,,Y,A,-,N,,,,,,,,,,N,3,0,1,2,A,-,09,21802,A,N,H,G,A,A,H,-,A,A,0,,Y,,,Y,,L,04,0,1,0,0,0,0,1,0,0,"- ","- ",,,"CONTRA COSTA",RICHMOND,-122.33367998,37.945159889999999
7056998,2015,2015-10-10,0710,2015-07-25,1215,1645,,6,5,5,0710,0,0,0,,0,,"32ND ST","MACDONALD AV",33.00,N,N,-,-,N,,,,,,,,,,N,3,0,1,2,D,-,00,,,N,G,B,E,-,-,-,-,-,0,Y,,,,Y,,-,"- ",0,1,0,0,1,0,0,0,0,"- ","- ",,,"CONTRA COSTA",RICHMOND,-122.33864875,37.934579079999999
7057015,2015,2015-10-03,0710,2015-08-31,2115,1512,,1,5,5,0710,0,0,0,,0,,"BARRETT AV","HARBOR WY",6.00,E,N,A,-,N,,,,,,,,,,N,4,0,1,2,A,-,10,21950,A,F,G,B,B,A,H,-,C,A,0,Y,,,,Y,,A,01,0,0,1,0,1,0,0,0,0,"- ","- ",,,"CONTRA COSTA",RICHMOND,-122.36003918999999,37.938360000000003
7057138,2015,2015-10-12,0710,2015-08-06,1700,1703,,4,5,5,0710,0,0,0,,0,,"30TH ST","CHAVEZ LN",0.00,,Y,A,-,N,,,,,,,,,,N,4,0,1,2,A,-,12,22450,,N,H,G,A,A,H,-,A,A,0,,Y,,,Y,,L,04,0,0,1,0,0,0,1,0,0,"- ","- ",,,"CONTRA COSTA",RICHMOND,-122.34051988,37.922579900000002
7057140,2015,2017-01-11,0710,2015-08-21,1111,1494,,5,5,5,0710,0,0,0,,0,,"CUTTING BL","RT 80",0.00,,Y,A,-,Y,CC,4,80,-,-,2.150,R,1,W,N,4,0,1,2,A,-,10,21950,A,N,G,B,B,A,H,-,A,A,0,Y,,,,Y,,A,01,0,0,1,0,1,0,0,0,0,"- ",WF,,,"CONTRA COSTA",RICHMOND,-122.32191197,37.92657767
7058363,2015,2015-10-09,0710,2015-07-23,1445,1662,0710,4,5,5,0710,0,0,0,,0,007,"BARRETT AV","SAN PABLO AV",7.00,E,N,A,-,N,,,,,,,,,,N,3,0,1,2,A,-,08,22107,,F,E,G,A,A,H,-,A,A,0,,Y,,,Y,,A,01,0,1,0,0,0,0,1,0,0,"- ","- ",,,"CONTRA COSTA",RICHMOND,-122.32503685,37.935335790000003
7071083,2015,2015-09-30,0710,2015-09-01,2100,1700,SOUTH,2,5,5,0710,0,0,0,,0,002,"VIRGINIA AV","S 24TH ST",0.00,,Y,A,-,N,,,,,,,,,,N,4,0,1,2,A,-,12,22450,A,F,H,G,A,A,H,-,C,A,0,,Y,,,Y,,L,04,0,0,1,0,0,0,1,0,0,"- ","- ",,,"CONTRA COSTA",RICHMOND,-122.34666,37.92658995
7081118,2015,2015-10-06,0710,2015-09-19,1553,1667,BAY,6,5,5,0710,0,0,0,,0,003,"CUTTING BL","S 34TH ST",0.00,,Y,A,-,N,,,,,,,,,,N,3,0,1,2,A,-,10,21950,A,F,D,G,A,A,H,-,A,A,0,,Y,,,Y,,A,01,0,1,0,0,0,0,1,0,0,"- ","- ",,,"CONTRA COSTA",RICHMOND,-122.33693999,37.925249899999997
7088825,2015,2015-10-20,0710,2015-08-24,1100,1559,,1,5,5,0710,0,0,0,,0,009,"MEADOWBROOK AV",MEADOWBROOK,0.00,,N,A,-,N,,,,,,,,,,N,4,0,1,2,A,-,03,22350,,N,G,B,E,A,H,-,A,D,0,Y,,,,Y,,-,,0,0,1,0,1,0,0,0,0,"- ","- ",,,"CONTRA COSTA",RICHMOND,-122.29005994000001,37.975669930000002
7090139,2015,2015-10-14,0710,2015-07-13,2100,1461,NORTH,1,5,5,0710,0,0,0,,0,007,"37TH ST","BARRETT AV",45.00,S,N,A,-,N,,,,,,,,,,N,4,0,1,2,A,-,03,22350,,M,G,B,E,A,H,-,C,A,0,Y,,,,Y,,-,,0,0,1,0,1,0,0,0,0,"- ","- ",,,"CONTRA COSTA",RICHMOND,-122.33364697,37.936428239999998
7093175,2015,2015-10-27,0710,2015-10-10,1910,1691,SOUTH,6,5,5,0710,0,0,0,,0,003,"CARLSON BL","CUTTING BL",0.00,,Y,A,-,N,,,,,,,,,,N,3,0,1,2,D,-,00,,,F,G,B,B,A,H,-,C,A,0,Y,,,,Y,Y,-,"- ",0,1,0,0,1,0,0,0,0,"- ","- ",,,"CONTRA COSTA",RICHMOND,-122.33811989,37.925209979999998
7093292,2015,2015-10-27,0710,2015-10-09,1145,1494,NORTH,5,5,5,0710,0,0,0,,0,005,"PENNSYLVANIA AV","HARBOUR WY",0.00,,Y,A,-,N,,,,,,,,,,N,3,0,1,2,A,-,05,21650,1,N,D,G,A,A,H,-,A,A,0,,Y,,,Y,,L,04,0,1,0,0,0,0,1,0,0,"- ","- ",,,"CONTRA COSTA",RICHMOND,-122.35995991999999,37.942609949999998
7093300,2015,2015-10-27,0710,2015-10-08,0855,1505,NORTH,4,5,5,0710,0,0,0,,0,007,"23RD ST","ROOSEVELT AV",90.00,S,N,A,-,N,,,,,,,,,,Y,4,0,1,2,A,-,11,21955,,N,G,B,D,A,H,-,A,A,0,Y,,,,Y,,N,60,0,0,1,0,1,0,0,0,0,"- ","- ",,,"CONTRA COSTA",RICHMOND,-122.34751543,37.939713070000003
7093308,2015,2015-10-27,0710,2015-10-03,0754,1643,CENTR,6,5,5,0710,0,0,0,,0,005,"YORK ST","SANFORD AV",0.00,,Y,A,-,N,,,,,,,,,,N,3,0,1,2,A,-,09,21800,A,F,D,G,A,A,H,-,A,D,0,,Y,,,Y,,-,,0,1,0,0,0,0,1,0,0,"- ","- ",,,"CONTRA COSTA",RICHMOND,-122.36885995,37.951989920000003
7097271,2015,2015-10-26,0710,2015-09-14,1540,1477,CENTR,1,5,5,0710,0,0,0,,0,004,"MACDONALD AV","23RD ST",0.00,,Y,B,-,N,,,,,,,,,,N,4,0,1,2,A,-,10,21950,A,N,G,B,B,A,H,-,A,A,0,Y,,,,Y,,D,22,0,0,1,0,1,0,0,0,0,"- ","- ",,,"CONTRA COSTA",RICHMOND,-122.34754993,37.935729879999997
7102661,2015,2015-10-27,0710,2015-09-28,2010,1658,NORTH,1,5,5,0710,0,0,0,,0,007,"GARVIN AV","26TH ST",0.00,,Y,A,-,N,,,,,,,,,,N,4,0,1,2,A,-,12,22450,A,F,D,G,A,A,H,-,C,A,0,,Y,,,Y,,L,04,0,0,1,0,0,0,1,0,0,"- ","- ",,,"CONTRA COSTA",RICHMOND,-122.34317991,37.943659949999997
7106869,2015,2015-10-30,0710,2015-10-02,1930,1662,0710,5,5,5,0710,0,0,0,,0,007,"37TH ST","NEVIN AV",11.00,N,N,A,-,N,,,,,,,,,,N,3,0,2,2,A,-,09,21802,A,N,E,G,A,A,H,-,C,A,0,,Y,,,Y,,L,04,0,1,1,0,0,0,1,0,0,"- ","- ",,,"CONTRA COSTA",RICHMOND,-122.33396341,37.934999759999997
7106873,2015,2015-10-30,0710,2015-10-06,0625,1505,SOUTH,2,5,5,0710,0,0,0,,0,001,"CUTTING BL","HOFFMAN BL",0.00,,Y,A,-,N,,,,,,,,,,N,4,0,1,2,A,-,12,21453,A,N,D,G,A,A,H,-,C,A,0,,Y,,,Y,,L,04,0,0,1,0,0,0,1,0,0,"- ","- ",,,"CONTRA COSTA",RICHMOND,-122.36410995999999,37.925239920000003
7106877,2015,2015-10-30,0710,2015-10-08,1922,1691,SOUTH,4,5,5,0710,0,0,0,,0,002,"CUTTING BL","MARINA WY",150.00,,N,A,-,N,,,,,,,,,,N,3,0,1,2,A,-,09,21804,A,N,G,G,A,A,H,-,A,D,0,,Y,,,Y,,L,04,0,1,0,0,0,0,1,0,0,"- ","- ",,,"CONTRA COSTA",RICHMOND,-122.35586992,37.925199900000003
7190458,2016,2016-10-05,0710,2016-01-28,1422,1586,,4,5,5,0710,0,0,0,,0,,"BECK ST","BECK ST 374",0.00,,N,A,-,N,,,,,,,,,,N,1,1,0,2,C,-,18,,,N,G,B,F,A,H,-,A,D,0,Y,,,,Y,,-,"- ",0,0,0,1,0,0,0,0,0,"- ","- ",,,"CONTRA COSTA",RICHMOND,-122.33684242,37.927024160000002
7199789,2016,2016-08-09,0710,2016-02-19,1835,1242,NORTH,5,5,5,0710,0,0,0,,0,007,"SAN PABLO AV","GARVIN AV",289.00,S,N,B,C,N,,,,,,,,,,Y,1,1,0,2,A,-,11,21955,,N,G,B,D,B,H,-,C,A,0,Y,,,Y,Y,,N,60,0,0,0,1,0,0,0,0,0,"- ","- ",,,"CONTRA COSTA",RICHMOND,-122.32870681999999,37.942937000000001
7200046,2016,2017-05-05,0710,2016-09-27,0830,1505,SOUTH,2,5,5,0710,0,0,0,,0,003,"CARLSON BLVD","SAN JOSE AV",0.00,,Y,B,-,N,,,,,,,,,,N,1,1,0,2,A,-,06,21951,,N,G,B,D,A,H,-,A,D,0,Y,,,,Y,,I,11,0,0,0,1,0,0,0,0,0,"- ","- ",,,"CONTRA COSTA",RICHMOND,-122.30602994,37.904089900000002
8014627,2016,2016-04-27,0710,2016-01-23,0050,1662,0710,6,5,5,0710,0,0,0,,0,003,"CARLSON BL","CUTTING BL",5.00,N,N,C,-,N,,,,,,,,,,N,4,0,1,2,A,-,05,21650,1,N,B,G,A,B,H,-,C,A,0,,Y,,,Y,Y,L,04,0,0,1,0,0,0,1,0,0,"- ","- ",,,"CONTRA COSTA",RICHMOND,-122.33813264,37.925219400000003
8018253,2015,2016-05-05,0710,2015-12-01,1121,1380,CENTR,2,5,5,0710,0,0,0,,0,005,"BARRETT AV","12TH ST",0.00,,Y,A,-,N,,,,,,,,,,N,4,0,1,2,A,-,12,21453,A,N,D,G,A,A,H,-,A,A,0,,Y,,,Y,,L,04,0,0,1,0,0,0,1,0,0,"- ","- ",,,"CONTRA COSTA",RICHMOND,-122.35805989000001,37.938499909999997
8018321,2016,2016-04-26,0710,2016-03-30,0830,1380,,3,5,5,0710,0,0,0,,0,007,"SAN PABLO AV","MACDONALD AV",194.00,N,N,A,-,N,,,,,,,,,,N,3,0,1,2,A,-,05,21202,A,N,D,G,A,A,H,-,A,D,0,,Y,,,Y,,L,04,0,1,0,0,0,0,1,0,0,"- ","- ",,,"CONTRA COSTA",RICHMOND,-122.32368870000001,37.932753529999999
8018544,2016,2016-04-27,0710,2016-03-17,1610,1662,0710,4,5,5,0710,0,0,0,,0,001,"MARINA WY S","HALL AV",0.00,,Y,A,-,N,,,,,,,,,,N,3,0,1,2,A,-,09,21802,A,N,A,G,A,A,H,-,A,A,0,,Y,,,Y,,L,04,0,1,0,0,0,0,1,0,0,"- ","- ",,,"CONTRA COSTA",RICHMOND,-122.35591993,37.913759949999999
8027680,2015,2016-04-26,0710,2015-12-15,1619,1477,CENTR,2,5,5,0710,0,0,0,,0,004,"MACDONALD AV","22ND ST",0.00,,Y,A,-,N,,,,,,,,,,N,4,0,1,2,A,-,10,21950,A,N,G,B,B,A,H,-,A,A,0,Y,,,,Y,,A,07,0,0,1,0,1,0,0,0,0,"- ","- ",,,"CONTRA COSTA",RICHMOND,-122.34857991,37.935739920000003
8027698,2015,2016-04-26,0710,2015-11-12,1605,1667,BAY,4,5,5,0710,0,0,0,,0,003,"ISABEL ST","CENTRAL AV",99.00,N,N,A,-,N,,,,,,,,,,N,4,0,1,2,A,-,09,21801,A,N,G,G,A,A,H,-,A,D,0,,Y,,,Y,,A,01,0,0,1,0,0,0,1,0,0,"- ","- ",,,"CONTRA COSTA",RICHMOND,-122.32191901,37.896928359999997
8027701,2015,2016-04-26,0710,2015-12-31,1101,1685,NORTH,4,5,5,0710,0,0,0,,0,007,"MACDONALD AV","24TH ST",0.00,,Y,A,-,N,,,,,,,,,,N,3,0,1,2,A,-,10,21950,A,N,G,B,B,A,H,-,A,D,0,Y,,,,Y,,A,01,0,1,0,0,1,0,0,0,0,"- ","- ",,,"CONTRA COSTA",RICHMOND,-122.34633988,37.935569899999997
8027702,2015,2016-04-26,0710,2015-11-25,0749,1586,,3,5,5,0710,0,0,0,,0,,"ROOSEVELT AV","31ST ST",5.00,E,N,A,-,N,,,,,,,,,,N,4,0,1,2,A,-,10,21950,A,N,G,B,B,A,H,-,A,B,0,Y,,,,Y,,A,01,0,0,1,0,1,0,0,0,0,"- ","- ",,,"CONTRA COSTA",RICHMOND,-122.33855287999999,37.938787810000001
8027716,2015,2016-04-29,0710,2015-07-02,1640,1459,NORTH,4,5,5,0710,0,0,0,,0,007,"BARRETT AV","37TH ST",0.00,,Y,A,-,N,,,,,,,,,,N,4,0,1,2,A,-,10,21950,A,N,G,G,A,A,H,-,A,A,0,,Y,,,Y,,-,,0,0,1,0,0,0,1,0,0,"- ","- ",,,"CONTRA COSTA",RICHMOND,-122.33361988999999,37.936549890000002
8030036,2016,2016-04-29,0710,2016-02-01,1659,1667,BAY,1,5,5,0710,0,0,0,,0,001,"MARINA WY SOUTH","HALL AV",0.00,,Y,A,-,N,,,,,,,,,,N,2,0,1,2,A,-,09,21802,A,N,D,G,A,A,H,-,A,A,0,,Y,,,Y,,L,04,1,0,0,0,0,0,1,0,0,"- ","- ",,,"CONTRA COSTA",RICHMOND,-122.35591993,37.913759949999999
8030101,2016,2016-04-29,0710,2016-01-14,1715,1662,0710,4,5,5,0710,0,0,0,,0,003,"CENTRAL AV","RYDIN AV",100.00,W,N,C,-,N,,,,,,,,,,N,3,0,1,2,A,-,05,21650,,N,E,G,A,B,H,-,C,D,0,,Y,,,Y,,L,04,0,1,0,0,0,0,1,0,0,"- ","- ",,,"CONTRA COSTA",RICHMOND,-122.31704489000001,37.899619469999998
8030121,2016,2016-04-29,0710,2016-01-09,1655,1662,0710,6,5,5,0710,0,0,0,,0,007,"COSTA AV","18TH ST",135.00,E,N,B,-,N,,,,,,,,,,N,4,0,1,2,A,-,02,21654,A,N,G,B,D,A,H,-,B,D,0,Y,,,,Y,,N,60,0,0,1,0,1,0,0,0,0,"- ","- ",,,"CONTRA COSTA",RICHMOND,-122.35159167,37.95030758
8030141,2016,2016-04-29,0710,2016-01-14,1939,1662,0710,4,5,5,0710,0,0,0,,0,003,"CUTTING BL","29TH ST",5.00,E,N,C,-,N,,,,,,,,,,N,3,0,1,2,D,-,00,,,N,G,B,B,B,H,-,C,D,0,Y,,,,Y,,-,"- ",0,1,0,0,0,0,0,0,0,"- ","- ",,,"CONTRA COSTA",RICHMOND,-122.34198266,37.925260000000002
8040484,2016,2016-05-13,0710,2016-02-24,1316,1586,,3,5,5,0710,0,0,0,,0,,"BAYVIEW AV","HARTNETT AV",0.00,,Y,A,-,N,,,,,,,,,,N,3,0,1,2,A,-,11,21954,A,N,-,B,D,A,-,-,A,A,0,Y,,,,Y,,N,60,0,1,0,0,1,0,0,0,0,"- ","- ",,,"CONTRA COSTA",RICHMOND,-122.32308997,37.91494995
8071308,2016,2016-06-30,0710,2016-05-29,1446,35,EAST,7,5,5,0710,0,0,0,,0,001,"SAN PABLO DAM RD","KENNEDY GROVE",15.00,S,N,A,-,N,,,,,,,,,,N,3,0,1,2,A,-,08,22107,,N,D,G,A,A,H,-,A,A,0,,Y,,,Y,,-,,0,1,0,0,0,0,1,0,0,"- ","- ",,,"CONTRA COSTA",RICHMOND,-122.26670802,37.945146520000002
8077271,2016,2016-07-28,0710,2016-06-27,1902,1407,N,1,5,5,0710,0,0,0,,0,007,"MACDONALD AV","25TH ST",0.00,,Y,A,-,N,,,,,,,,,,N,2,0,1,2,A,-,10,21950,A,F,G,B,B,A,H,-,A,A,0,Y,,,,Y,,-,,1,0,0,0,1,0,0,0,0,"- ","- ",,,"CONTRA COSTA",RICHMOND,-122.34544989,37.935449949999999
8082201,2016,2016-07-15,0710,2016-05-25,1130,1505,SOUTH,3,5,5,0710,0,0,0,,0,003,"CUTTING BL","S 31ST ST",144.00,E,N,A,-,N,,,,,,,,,,N,4,0,1,2,A,-,08,22107,,N,B,G,A,A,H,-,B,D,0,,Y,,,Y,Y,L,04,0,0,1,0,0,0,1,0,0,"- ","- ",,,"CONTRA COSTA",RICHMOND,-122.33906854999999,37.925185239999998
8083263,2016,2016-07-15,0710,2016-05-26,1525,1505,CENTR,4,5,5,0710,0,0,0,,0,006,"HARBOUR WY","MACDONALD AV",90.00,S,N,A,-,N,,,,,,,,,,Y,4,0,1,2,A,-,11,21955,,N,G,B,D,A,H,-,A,A,0,Y,,,,Y,Y,N,60,0,0,1,0,1,0,0,0,0,"- ","- ",,,"CONTRA COSTA",RICHMOND,-122.36001,37.935472760000003
8083267,2016,2016-07-15,0710,2016-05-18,1342,1380,NORTH,3,5,5,0710,0,0,0,,0,007,"BARRETT AV","27TH ST",65.00,E,N,A,-,N,,,,,,,,,,N,3,0,1,2,A,-,08,22107,,N,B,G,A,A,H,-,A,D,0,,Y,,,Y,,A,07,0,1,0,0,0,0,1,0,0,"- ","- ",,,"CONTRA COSTA",RICHMOND,-122.34206693,37.937724060000001
8091038,2016,2017-02-17,0710,2016-05-05,1440,1586,,4,5,5,0710,0,0,0,,0,,"CUTTING BL",RT80,0.00,,Y,A,-,Y,CC,4,80,-,-,2.150,R,1,W,N,4,0,1,2,A,-,05,21650,,N,H,G,A,-,H,-,A,A,0,,Y,,,Y,,L,04,0,0,1,0,0,0,1,0,0,"- ",WF,,,"CONTRA COSTA",RICHMOND,-122.32191197,37.92657767
8091110,2016,2016-07-28,0710,2016-04-02,1531,1685,NORTH,6,5,5,0710,0,0,0,,0,007,"ESMOND AV","23RD ST",40.00,E,N,A,-,N,,,,,,,,,,N,3,0,1,2,A,-,00,21954,,N,G,B,D,A,H,-,A,D,0,Y,,,,Y,,N,60,0,1,0,0,1,0,0,0,0,"- ","- ",,,"CONTRA COSTA",RICHMOND,-122.34748,37.945250000000001
8091111,2016,2016-07-28,0710,2016-04-16,2045,1662,0710,6,5,5,0710,0,0,0,,0,001,"NICHOLL AV","SANTA FE AV",32.00,E,N,A,-,N,,,,,,,,,,N,3,0,1,3,A,-,11,21954,A,N,G,B,E,A,H,-,D,D,0,Y,,,,Y,Y,N,60,0,1,0,0,1,0,0,0,0,"- ","- ",,,"CONTRA COSTA",RICHMOND,-122.3872645,37.926229040000003
8091387,2016,2016-07-28,0710,2016-07-01,1850,1662,0710,5,5,5,0710,0,0,0,,0,007,"23RD ST","ESMOND AV",35.00,N,N,B,-,N,,,,,,,,,,Y,4,0,1,3,A,-,08,22107,,N,E,G,A,A,H,-,A,D,0,,Y,,,Y,Y,A,01,0,0,1,0,0,0,1,0,0,"- ","- ",,,"CONTRA COSTA",RICHMOND,-122.34748,37.945346149999999
8093912,2016,2016-07-26,0710,2016-06-02,2029,1662,0710,4,5,5,0710,0,0,0,,0,004,"BARRETT AV","23RD ST",20.00,W,N,A,-,N,,,,,,,,,,N,4,0,1,2,A,-,11,21950,B,N,G,B,E,A,H,-,B,A,0,Y,,,,Y,,N,60,0,0,1,0,1,0,0,0,0,"- ","- ",,,"CONTRA COSTA",RICHMOND,-122.34759936,37.9384412
8096068,2016,2016-08-26,0710,2016-03-03,1440,1505,NORTH,4,5,5,0710,0,0,0,,0,007,"MCBRYDE AV","23RD ST",0.00,,Y,B,-,N,,,,,,,,,,N,4,0,1,2,A,-,10,21950,A,N,G,B,B,A,H,-,A,D,0,Y,,,,Y,,D,22,0,0,1,0,1,0,0,0,0,"- ","- ",,,"CONTRA COSTA",RICHMOND,-122.34746996,37.947029919999999
8096676,2016,2016-08-11,0710,2016-08-02,2240,1402,,2,5,5,0710,0,0,0,,0,008,"ATLAS RD",OAKMONT,39.00,W,N,A,-,N,,,,,,,,,,Y,2,0,2,3,A,-,10,21950,A,N,G,B,B,A,H,-,C,D,0,Y,,,,Y,,-,,1,0,1,0,2,0,0,0,0,"- ","- ",,,"CONTRA COSTA",RICHMOND,-122.34136221999999,37.994593000000002
8096878,2016,2016-08-12,0710,2016-06-21,1926,1512,NORTH,2,5,5,0710,0,0,0,,0,007,"BARRETT AV","42ND ST",10.00,W,N,A,-,N,,,,,,,,,,N,3,0,1,2,A,-,10,21950,A,N,B,B,B,A,H,-,A,D,0,Y,,,,Y,,A,01,0,1,0,0,1,0,0,0,0,"- ","- ",,,"CONTRA COSTA",RICHMOND,-122.32931416,37.935934750000001