CASE_ID,ACCIDENT_YEAR,PROC_DATE,JURIS,COLLISION_DATE,COLLISION_TIME,OFFICER_ID,REPORTING_DISTRICT,DAY_OF_WEEK,CHP_SHIFT,POPULATION,CNTY_CITY_LOC,SPECIAL_COND,BEAT_TYPE,CHP_BEAT_TYPE,CITY_DIVISION_LAPD,CHP_BEAT_CLASS,BEAT_NUMBER,PRIMARY_RD,SECONDARY_RD,DISTANCE,DIRECTION,INTERSECTION,WEATHER_1,WEATHER_2,STATE_HWY_IND,CALTRANS_COUNTY,CALTRANS_DISTRICT,STATE_ROUTE,ROUTE_SUFFIX,POSTMILE_PREFIX,POSTMILE,LOCATION_TYPE,RAMP_INTERSECTION,SIDE_OF_HWY,TOW_AWAY,COLLISION_SEVERITY,NUMBER_KILLED,NUMBER_INJURED,PARTY_COUNT,PRIMARY_COLL_FACTOR,PCF_CODE_OF_VIOL,PCF_VIOL_CATEGORY,PCF_VIOLATION,PCF_VIOL_SUBSECTION,HIT_AND_RUN,TYPE_OF_COLLISION,MVIW,PED_ACTION,ROAD_SURFACE,ROAD_COND_1,ROAD_COND_2,LIGHTING,CONTROL_DEVICE,CHP_ROAD_TYPE,PEDESTRIAN_ACCIDENT,BICYCLE_ACCIDENT,MOTORCYCLE_ACCIDENT,TRUCK_ACCIDENT,NOT_PRIVATE_PROPERTY,ALCOHOL_INVOLVED,STWD_VEHTYPE_AT_FAULT,CHP_VEHTYPE_AT_FAULT,COUNT_SEVERE_INJ,COUNT_VISIBLE_INJ,COUNT_COMPLAINT_PAIN,COUNT_PED_KILLED,COUNT_PED_INJURED,COUNT_BICYCLIST_KILLED,COUNT_BICYCLIST_INJURED,COUNT_MC_KILLED,COUNT_MC_INJURED,PRIMARY_RAMP,SECONDARY_RAMP,LATITUDE,LONGITUDE,COUNTY,CITY,POINT_X,POINT_Y
8105911,2016,2016-08-31,0710,2016-07-21,1600,1662,0710,4,5,5,0710,0,0,0,,0,007,"BARRETT AV","39TH ST",50.00,W,N,A,-,N,,,,,,,,,,N,3,0,1,2,A,-,00,21760,,F,B,G,A,A,H,-,A,D,0,,Y,,,Y,,D,22,0,1,0,0,0,0,1,0,0,"- ","- ",,,"CONTRA COSTA",RICHMOND,-122.33202034999999,37.936325750000002
8106058,2016,2016-08-29,0710,2016-08-05,1457,1586,,5,5,5,0710,0,0,0,,0,006,"MACDONALD AV","2ND ST",0.00,,Y,A,-,N,,,,,,,,,,N,3,0,1,2,A,-,10,21950,A,N,G,B,B,A,H,-,A,A,0,Y,,,,Y,,A,01,0,1,0,0,1,0,0,0,0,"- ","- ",,,"CONTRA COSTA",RICHMOND,-122.36766,37.935719990000003
8127834,2016,2016-09-30,0710,2016-08-09,1549,1494,CENTR,2,5,5,0710,0,0,0,,0,006,"MACDONALD AV","6TH ST",0.00,W,N,A,-,N,,,,,,,,,,N,4,0,1,2,D,-,00,,,N,B,G,A,A,H,-,A,D,0,,Y,,,Y,,-,"- ",0,0,1,0,0,0,0,0,0,"- ","- ",,,"CONTRA COSTA",RICHMOND,-122.36372992,37.93572992
8142208,2016,2016-10-19,0710,2016-09-15,1533,1494,NORTH,4,5,5,0710,0,0,0,,0,008,"HILLTOP DR","SAN PABLO AV",0.00,,Y,A,-,N,,,,,,,,,,N,3,0,1,2,A,-,05,21650,1,N,D,G,A,A,-,-,A,A,0,,Y,,,Y,,L,04,0,1,0,0,0,0,1,0,0,"- ","- ",,,"CONTRA COSTA",RICHMOND,-122.33540997,37.98593992
8142458,2016,2016-10-27,0710,2016-07-23,1750,1662,0710,6,5,5,0710,0,0,0,,0,007,"ESMOND AV","LASSEN ST",0.00,,Y,A,-,N,,,,,,,,,,N,3,0,1,2,A,-,12,22450,A,N,D,G,A,A,H,-,A,A,0,,Y,,,Y,,L,04,0,1,0,0,0,0,1,0,0,"- ","- ",,,"CONTRA COSTA",RICHMOND,-122.32789999000001,37.946109909999997
81569044,2021,2021-09-13,0710,2021-08-19,1608,1739,SOUTH,4,5,5,0710,0,0,0,,0,003,"CARLSON BLVD","CUTTING BLVD",4.00,S,N,A,-,N,,,,,,,,,,N,2,0,1,2,A,-,12,21453,A,F,D,G,A,A,H,-,A,A,0,,Y,,,Y,,L,04,1,0,0,0,0,0,1,0,0,"- ","- ",37.925300598144531,-122.33804321289062,"CONTRA COSTA",RICHMOND,-122.33811187744141,37.925201416015625
8156952,2016,2016-11-03,0710,2016-10-05,1445,1505,,3,5,5,0710,0,0,0,,0,003,"S 41ST ST","CARLSON BL",6.00,E,N,A,-,N,,,,,,,,,,N,3,0,1,2,A,-,09,21804,B,N,D,G,A,A,H,-,A,D,0,,Y,,,Y,Y,L,04,0,1,0,0,0,0,1,0,0,"- ","- ",,,"CONTRA COSTA",RICHMOND,-122.33166975,37.920404349999998
81644131,2021,2021-12-06,0710,2021-11-01,0653,1687,SOUTH,1,5,5,0710,0,0,0,,0,002,"HARBOUR WY S","VIRGINIA AV",6.00,S,N,B,-,N,,,,,,,,,,Y,2,0,1,2,A,-,03,22350,,F,D,G,A,A,H,-,C,A,0,,Y,,,Y,,A,01,1,0,0,0,0,0,1,0,0,"- ","- ",37.926628112792969,-122.36016845703125,"CONTRA COSTA",RICHMOND,-122.36004638671875,37.926605224609375
8165602,2016,2016-11-14,0710,2016-09-06,1944,1494,SOUTH,2,5,5,0710,0,0,0,,0,003,"FLEMING AV","ELLS ST",360.00,E,N,A,-,N,,,,,,,,,,N,4,0,1,2,A,-,11,21954,A,N,G,B,E,A,H,-,B,D,0,Y,,,,Y,,N,60,0,0,1,0,1,0,0,0,0,"- ","- ",,,"CONTRA COSTA",RICHMOND,-122.32128173,37.917059219999999
81661577,2021,2021-12-27,0710,2021-10-12,1550,1324,NORTH,2,5,5,0710,0,0,0,,0,007,"BARRETT AV","30TH ST",0.00,,Y,A,-,Y,,,,,,,,,,N,3,0,1,2,A,-,10,21950,A,F,G,B,B,A,H,-,A,D,0,Y,,,,Y,,A,01,0,1,0,0,1,0,0,0,0,"- ","- ",37.936798095703125,-122.33901977539062,"CONTRA COSTA",RICHMOND,-122.33975982666016,37.937431335449219
81661580,2021,2021-12-27,0710,2021-12-09,1715,1802,CENTR,4,5,5,0710,0,0,0,,0,006,"MACDONALD AV","6TH ST",12.00,W,N,A,-,N,,,,,,,,,,N,4,0,2,3,A,-,10,21950,A,N,G,B,B,A,H,-,C,A,0,Y,,,,Y,,A,01,0,0,2,0,2,0,0,0,0,"- ","- ",37.935768127441406,-122.36361694335938,"CONTRA COSTA",RICHMOND,-122.36376953125,37.93572998046875
81665971,2021,2021-12-30,0710,2021-12-04,1920,1739,,6,5,5,0710,0,0,0,,0,,"CUTTING BLVD","23RD ST",0.00,,Y,A,-,N,,,,,,,,,,N,4,0,1,2,A,-,10,21950,A,F,G,B,B,A,H,-,C,A,0,Y,,,,Y,,-,99,0,0,1,0,1,0,0,0,0,"- ","- ",37.925418853759766,-122.34765625,"CONTRA COSTA",RICHMOND,-122.34767150878906,37.9251708984375
81673062,2021,2022-01-07,0710,2021-12-13,1959,1729,SOUTH,1,5,5,0710,0,0,0,,0,003,"CENTRAL AV","PIERCE ST",0.00,,Y,A,-,N,,,,,,,,,,N,3,0,1,2,A,-,10,21950,A,F,G,B,B,A,H,-,C,-,0,Y,,,,Y,Y,-,99,0,1,0,0,1,0,0,0,0,"- ","- ",37.901161193847656,-122.30988311767578,"CONTRA COSTA",RICHMOND,-122.30983734130859,37.901077270507812
81676990,2021,2022-01-13,0710,2021-12-18,0927,1739,,6,5,5,0710,0,0,0,,0,,"HUNTINGTON AV","SANTA CLARA AV",5.00,E,N,A,-,N,,,,,,,,,,N,2,0,1,2,A,-,10,21950,A,N,G,B,B,A,H,-,A,A,0,Y,,,,Y,,A,01,1,0,0,0,1,0,0,0,0,"- ","- ",37.907070159912109,-122.31024932861328,"CONTRA COSTA",RICHMOND,-122.31036376953125,37.906974792480469
81679118,2021,2022-01-17,0710,2021-12-02,1754,1729,SOUTH,4,5,5,0710,0,0,0,,0,003,"CARLSON BLVD","PULLMAN AV",0.00,,Y,A,-,N,,,,,,,,,,N,3,0,1,2,A,-,06,21760,C,N,B,G,A,A,H,-,C,D,0,,Y,,,Y,Y,A,01,0,1,0,0,0,0,1,0,0,"- ","- ",37.928611755371094,-122.34239959716797,"CONTRA COSTA",RICHMOND,-122.342529296875,37.928401947021484
81679408,2021,2022-01-18,0710,2021-12-30,1534,1692,NORTH,4,5,5,0710,0,0,0,,0,007,"MCBRYDE AV","SAN PABLO AV (N)",30.00,W,N,A,-,Y,,,,,,,,,,N,4,0,1,2,A,-,10,21950,A,N,G,B,D,A,H,-,A,A,0,Y,,,,Y,,A,01,0,0,1,0,1,0,0,0,0,"- ","- ",37.947238922119141,-122.33084106445312,"CONTRA COSTA",RICHMOND,-122.33081817626953,37.947166442871094
81689184,2021,2022-01-31,0710,2021-11-17,0217,1687,NORTH,3,5,5,0710,0,0,0,,0,008,"HILLTOP DR","MOYERS RD",0.00,,Y,A,-,N,,,,,,,,,,N,1,1,0,2,A,-,10,21950,A,F,G,B,D,A,H,-,C,D,0,Y,,,,Y,,A,07,0,0,0,1,0,0,0,0,0,"- ","- ",,,"CONTRA COSTA",RICHMOND,-122.3232421875,37.976768493652344
81690139,2022,2022-02-01,0710,2022-01-01,1555,1735,NORTH,6,5,5,0710,0,0,0,,0,009,"CASTRO RANCH RD","COUNTRY VIEW DR",0.00,,Y,A,-,N,,,,,,,,,,N,3,0,1,2,A,-,10,21950,A,N,G,B,B,A,H,-,A,D,0,Y,,,,Y,,A,01,0,1,0,0,1,0,0,0,0,"- ","- ",37.963409423828125,-122.24884796142578,"CONTRA COSTA",RICHMOND,-122.24869537353516,37.963951110839844
81690142,2022,2022-02-01,0710,2022-01-12,0856,1635,SOUTH,3,5,5,0710,0,0,0,,0,002,"MARINA WY S","CUTTING BLVD",0.00,,Y,A,-,N,,,,,,,,,,N,2,0,1,2,A,-,08,22107,,N,D,G,A,A,H,-,A,A,0,,Y,,,Y,,E,22,1,0,0,0,0,0,1,0,0,"- ","- ",37.924869537353516,-122.35545349121094,"CONTRA COSTA",RICHMOND,-122.35586547851562,37.925197601318359
81701627,2022,2022-02-16,0710,2022-01-24,0816,1687,SOUTH,1,5,5,0710,0,0,0,,0,001,"HARBOUR WY S","OHIO AV",6.00,S,N,A,-,N,,,,,,,,,,N,4,0,1,2,A,-,10,21950,A,N,G,B,B,A,H,-,A,A,0,Y,,,,Y,,A,07,0,0,1,0,1,0,0,0,0,"- ","- ",37.930828094482422,-122.36004638671875,"CONTRA COSTA",RICHMOND,-122.36004638671875,37.930805206298828
81709373,2022,2022-02-25,0710,2022-02-07,1640,1662,NORTH,1,5,5,0710,0,0,0,,0,007,"24TH ST","NEVIN AV",30.00,N,N,A,-,N,,,,,,,,,,N,3,0,1,2,A,-,09,21800,A,N,D,G,A,A,H,-,A,D,0,,Y,,,Y,,L,04,0,1,0,0,0,0,1,0,0,"- ","- ",37.93621826171875,-122.34539794921875,"CONTRA COSTA",RICHMOND,-122.34613037109375,37.936771392822266
81715814,2022,2022-03-07,0710,2022-02-14,1815,1740,SOUTH,1,5,5,0710,0,0,0,,0,002,"OHIO AV","16TH ST",0.00,,Y,A,-,N,,,,,,,,,,N,2,0,1,2,A,-,10,21950,A,N,A,B,B,A,H,-,C,D,0,Y,,,,Y,,A,01,1,0,0,0,1,0,0,0,0,"- ","- ",37.930679321289062,-122.35401153564453,"CONTRA COSTA",RICHMOND,-122.35400390625,37.930744171142578
81716137,2021,2022-03-07,0710,2021-10-26,2100,1300,SOUTH,2,5,5,0710,0,0,0,,0,001,"RAILROAD AV","TEWKSBURY AV",100.00,W,N,A,-,N,,,,,,,,,,N,3,0,1,2,A,-,08,22107,,F,B,G,A,A,H,-,C,D,0,,Y,,,Y,,-,99,0,1,0,0,0,0,1,0,0,"- ","- ",37.927761077880859,-122.38320922851562,"CONTRA COSTA",RICHMOND,-122.38375091552734,37.927738189697266
81727136,2022,2022-03-21,0710,2022-03-03,0754,1662,CENTR,4,5,5,0710,0,0,0,,0,006,"13TH ST","ESMOND AV",100.00,S,N,B,-,N,,,,,,,,,,N,3,0,1,2,A,-,10,21950,A,F,G,B,C,A,H,-,A,D,0,Y,,,,Y,,-,99,0,1,0,0,1,0,0,0,0,"- ","- ",37.945369720458984,-122.35762023925781,"CONTRA COSTA",RICHMOND,-122.35740661621094,37.945011138916016
81727143,2022,2022-03-21,0710,2022-03-07,0802,1662,NORTH,1,5,5,0710,0,0,0,,0,008,"PARKER RD","BARNARD ST",0.00,,Y,A,-,N,,,,,,,,,,N,3,0,1,2,A,-,11,21950,B,N,G,B,D,A,H,-,A,D,0,Y,,,,Y,,N,60,0,1,0,0,1,0,0,0,0,"- ","- ",37.969070434570312,-122.32523345947266,"CONTRA COSTA",RICHMOND,-122.32537078857422,37.969173431396484
81745751,2022,2022-04-12,0710,2022-03-08,0952,1760,,2,5,5,0710,0,0,0,,0,,"MACDONALD AV","16TH ST",0.00,,Y,A,-,N,,,,,,,,,,N,4,0,1,2,A,-,10,21950,A,M,G,B,B,A,H,-,D,D,0,Y,,,,Y,,-,"- ",0,0,1,0,1,0,0,0,0,"- ","- ",37.935630798339844,-122.35411834716797,"CONTRA COSTA",RICHMOND,-122.35423278808594,37.935710906982422
81748574,2022,2022-04-15,0710,2022-03-23,1830,1712,NORTH,3,5,5,0710,0,0,0,,0,007,"CIVIC CENTER ST","MACDONALD AV",0.00,,Y,A,-,N,,,,,,,,,,N,4,0,1,2,D,-,00,,,N,B,G,A,A,H,-,A,A,0,,Y,,,Y,,-,"- ",0,0,1,0,0,0,1,0,0,"- ","- ",37.935081481933594,-122.344482421875,"CONTRA COSTA",RICHMOND,-122.34456634521484,37.935325622558594
81748576,2022,2022-04-15,0710,2022-03-24,1834,1712,NORTH,4,5,5,0710,0,0,0,,0,007,"AMADOR ST","SOLANO AV",0.00,,Y,A,-,N,,,,,,,,,,N,3,0,1,2,A,-,12,22450,A,N,B,G,A,A,H,-,A,A,0,,Y,,,Y,,-,"- ",0,1,0,0,0,0,1,0,0,"- ","- ",37.9427490234375,-122.32228851318359,"CONTRA COSTA",RICHMOND,-122.32321166992188,37.943569183349609
8176137,2016,2016-12-19,0710,2016-10-31,0825,1380,SOUTH,1,5,5,0710,0,0,0,,0,008,"S 37TH ST","CUTTING BL",0.00,,Y,B,-,N,,,,,,,,,,Y,3,0,1,2,A,-,10,21950,A,N,G,B,B,A,H,-,A,A,0,Y,,,,Y,,A,01,0,1,0,0,1,0,0,0,0,"- ","- ",,,"CONTRA COSTA",RICHMOND,-122.33429991,37.925339940000001
81764876,2022,2022-05-05,0710,2022-03-27,1627,1716,NORTH,7,5,5,0710,0,0,0,,0,007,"NEVIN AV","24TH ST",93.00,W,N,A,-,N,,,,,,,,,,N,3,0,1,2,A,-,08,22107,,N,C,G,A,A,H,-,A,D,0,,Y,,,Y,,L,04,0,1,0,0,0,0,1,0,0,"- ","- ",37.93621826171875,-122.34539794921875,"CONTRA COSTA",RICHMOND,-122.34646606445312,37.936737060546875
81783906,2022,2022-05-30,0710,2022-05-02,1858,1640,CENTR,1,5,5,0710,0,0,0,,0,004,"13TH ST","RHEEM AVENUE",0.00,,Y,A,-,N,,,,,,,,,,N,4,0,1,2,A,-,05,21650,1,N,D,G,A,A,H,-,A,A,0,,Y,,,Y,,L,04,0,0,1,0,0,0,1,0,0,"- ","- ",,,"CONTRA COSTA",RICHMOND,-122.35720825195312,37.949607849121094
81785446,2022,2022-06-01,0710,2022-05-06,1647,1784,SOUTH,5,5,5,0710,0,0,0,,0,003,"CARLSON BLVD","CUTTING BLVD",0.00,,Y,A,-,N,,,,,,,,,,N,4,0,1,2,A,-,12,21453,A,N,A,G,A,A,H,-,A,A,0,,Y,,,Y,Y,L,04,0,0,1,0,0,0,1,0,0,"- ","- ",37.925300598144531,-122.33804321289062,"CONTRA COSTA",RICHMOND,-122.33811950683594,37.925209045410156
81789520,2022,2022-06-07,0710,2022-05-10,0243,1739,,2,5,5,0710,0,0,0,,0,,"DOVER AV","20TH ST",135.00,W,N,A,-,N,,,,,,,,,,N,4,0,1,2,A,-,09,21809,A,N,C,G,A,A,H,-,C,D,0,,Y,,,Y,,L,04,0,0,1,0,0,0,1,0,0,"- ","- ",37.959171295166016,-122.34944915771484,"CONTRA COSTA",RICHMOND,-122.35009002685547,37.959285736083984
81818496,2022,2022-07-18,0710,2022-06-23,1445,1662,CENTR,4,5,5,0710,0,0,0,,0,004,"MARINA WY","BISSELL AV",0.00,,Y,A,-,N,,,,,,,,,,N,3,0,1,2,A,-,10,21950,A,F,G,B,B,A,H,-,A,A,0,Y,,,,Y,,A,01,0,1,0,0,1,0,0,0,0,"- ","- ",37.933738708496094,-122.35552978515625,"CONTRA COSTA",RICHMOND,-122.35617828369141,37.934074401855469
81829305,2022,2022-08-01,0710,2022-07-11,0938,1692,NORTH,1,5,5,0710,0,0,0,,0,008,"RICHMOND PKWY","DRIVEWAY TO BELLA VISTA",0.00,,Y,A,-,N,,,,,,,,,,N,3,0,1,2,A,-,10,21950,A,N,G,B,B,A,H,-,A,A,0,Y,,,,Y,,A,01,0,1,0,0,1,0,0,0,0,"- ","- ",37.93865966796875,-122.37065124511719,"CONTRA COSTA",RICHMOND,-122.32220700000001,37.988970000000002
81838596,2022,2022-08-12,0710,2022-07-26,1436,1687,CENTR,2,5,5,0710,0,0,0,,0,006,"MACDONALD AV","16TH ST",258.00,E,N,A,-,N,,,,,,,,,,N,3,0,1,2,A,-,05,21650,1,N,A,G,A,A,H,-,A,A,0,,Y,,,Y,,L,04,0,1,0,0,0,0,1,0,0,"- ","- ",37.935348510742188,-122.35353851318359,"CONTRA COSTA",RICHMOND,-122.35333251953125,37.935710906982422
8183899,2016,2016-12-12,0710,2016-04-04,1411,1477,CENTR,1,5,5,0710,0,0,0,,0,005,"NEVIN AV","5TH ST",0.00,,Y,A,-,N,,,,,,,,,,N,3,0,1,2,A,-,09,21800,A,F,G,G,A,A,H,-,A,D,0,,Y,,,Y,,-,,0,1,0,0,0,0,1,0,0,"- ","- ",,,"CONTRA COSTA",RICHMOND,-122.36468986,37.936839910000003
81839894,2022,2022-08-15,0710,2022-07-21,1902,1687,SOUTH,4,5,5,0710,0,0,0,,0,001,"CASTRO ST","REDWOOD WAY",81.00,S,N,A,-,N,,,,,,,,,,N,2,0,1,2,A,-,12,21453,A,F,H,G,A,A,H,-,A,A,0,,Y,,,Y,,A,01,1,0,0,0,0,0,1,0,0,"- ","- ",37.929508209228516,-122.38558959960938,"CONTRA COSTA",RICHMOND,-122.38515472412109,37.930133819580078
8184130,2016,2017-02-22,0710,2016-11-22,2242,1224,,2,5,5,0710,0,0,0,,0,003,"CARLSON BL","RT 80",0.00,,Y,C,-,Y,CC,4,80,-,-,1.412,R,3,E,N,3,0,1,2,A,-,10,21950,A,F,-,B,B,B,H,-,C,A,0,Y,,,,Y,,-,,0,1,0,0,1,0,0,0,0,"- ",EO,,,"CONTRA COSTA",RICHMOND,-122.31737342,37.91683192
8184245,2016,2016-12-23,0710,2016-10-03,1926,1494,CENTR,1,5,5,0710,0,0,0,,0,005,"BARRETT AV","MARINA WAY",0.00,,Y,A,-,N,,,,,,,,,,N,4,0,1,2,A,-,09,21801,A,F,D,G,A,A,H,-,C,A,0,,Y,,,Y,,L,04,0,0,1,0,0,0,1,0,0,"- ","- ",,,"CONTRA COSTA",RICHMOND,-122.35615988000001,37.938509889999999
8184257,2016,2017-02-17,0710,2016-10-13,0609,1242,NORTH,4,5,5,0710,0,0,0,,0,008,"AMADOR ST","SOLANO AV",10.00,N,N,B,-,Y,CC,4,80,-,-,3.286,R,1,E,N,3,0,1,2,A,-,09,21802,A,N,A,G,A,A,H,-,C,A,0,,Y,,,Y,,A,08,0,1,0,0,0,0,1,0,0,"- ","- ",,,"CONTRA COSTA",RICHMOND,-122.32387691,37.941587550000001
8184277,2016,2016-12-23,0710,2016-10-17,0825,1233,SOUTH,1,5,5,0710,0,0,0,,0,001,"SOUTH 13TH ST","WRIGHT AV",107.00,N,N,A,-,N,,,,,,,,,,N,4,0,1,3,A,-,03,22350,,F,-,B,E,A,H,-,A,A,0,Y,,,,Y,,-,,0,0,1,0,1,0,0,0,0,"- ","- ",,,"CONTRA COSTA",RICHMOND,-122.35697,37.921483940000002
8184285,2016,2016-12-23,0710,2016-10-04,1634,1494,CENTR,2,5,5,0710,0,0,0,,0,006,"MACDONALD AV","2ND ST",6.00,E,N,A,-,N,,,,,,,,,,N,4,0,1,2,A,-,10,21950,A,N,G,B,B,A,H,-,A,A,0,Y,,,,Y,,A,08,0,0,1,0,1,0,0,0,0,"- ","- ",,,"CONTRA COSTA",RICHMOND,-122.36763919000001,37.935720000000003
81851007,2022,2022-08-29,0710,2022-08-15,2045,1707,SOUTH,1,5,5,0710,0,0,0,,0,001,"HARBOUR WY S","VIRGINIA AV",0.00,,Y,A,-,N,,,,,,,,,,N,4,0,1,2,A,-,10,21950,A,N,G,B,B,A,H,-,C,D,0,Y,,,,Y,,A,01,0,0,1,0,1,0,0,0,0,"- ","- ",37.926349639892578,-122.35958862304688,"CONTRA COSTA",RICHMOND,-122.36004638671875,37.926620483398438
81861735,2022,2022-09-12,0710,2022-08-10,2047,1774,SOUTH,3,5,5,0710,0,0,0,,0,003,"S 41ST STREET","BERK AVENUE",50.00,S,N,A,-,N,,,,,,,,,,N,3,0,1,2,A,-,03,22350,,N,G,B,D,A,H,-,C,D,0,Y,,,,Y,,A,07,0,1,0,0,1,0,0,0,0,"- ","- ",,,"CONTRA COSTA",RICHMOND,-122.33067321777344,37.922691345214844
81878340,2022,2022-09-30,0710,2022-08-18,2135,1818,CENTR,4,5,5,0710,0,0,0,,0,006,"CHANSLOR AV","15TH ST",0.00,,Y,A,-,N,,,,,,,,,,N,2,0,1,2,A,-,05,21202,A,F,A,G,A,A,H,-,C,D,0,,Y,,,Y,,L,04,1,0,0,0,0,0,1,0,0,"- ","- ",37.932399749755859,-122.35517120361328,"CONTRA COSTA",RICHMOND,-122.35518646240234,37.932460784912109
81886832,2022,2022-10-11,0710,2022-09-22,0136,1739,,4,5,5,0710,0,0,0,,0,,"24TH ST","MCBRYDE AV",0.00,,Y,A,-,N,,,,,,,,,,N,4,0,1,2,A,-,12,22450,A,F,D,G,A,A,H,-,C,A,0,,Y,,,Y,Y,A,01,0,0,1,0,0,0,1,0,0,"- ","- ",37.946971893310547,-122.34544372558594,"CONTRA COSTA",RICHMOND,-122.34532165527344,37.947032928466797
81891095,2022,2022-10-17,0710,2022-09-09,0847,1324,NORTH,5,5,5,0710,0,0,0,,0,008,"ROCK ROSE WY","MONARCH WY",10.00,W,Y,A,-,N,,,,,,,,,,N,3,0,1,2,A,-,10,21950,A,N,G,B,B,A,H,-,A,D,0,Y,,,,Y,,A,01,0,1,0,0,1,0,0,0,0,"- ","- ",37.992641448974609,-122.33785247802734,"CONTRA COSTA",RICHMOND,-122.33794403076172,37.992580413818359
81891096,2022,2022-10-17,0710,2022-09-23,0850,1324,SOUTH,5,5,5,0710,0,0,0,,0,003,"CUTTING BLVD","I 80 OFFRAMP WEST",12.00,E,Y,A,-,N,,,,,,,,,,N,4,0,1,2,A,-,10,21950,A,N,G,B,B,B,H,-,A,A,0,Y,,,,Y,,-,35,0,0,1,0,1,0,0,0,0,"- ","- ",,,"CONTRA COSTA",RICHMOND,,
81895713,2022,2022-10-21,0710,2022-10-03,0727,1662,CENTR,1,5,5,0710,0,0,0,,0,004,"CHANSLOR AV","MARINA WY",0.00,,Y,A,-,N,,,,,,,,,,N,3,0,1,2,A,-,12,22450,A,F,D,G,A,A,H,-,A,A,0,,Y,,,Y,,D,22,0,1,0,0,0,0,1,0,0,"- ","- ",37.932418823242188,-122.35614013671875,"CONTRA COSTA",RICHMOND,-122.35616302490234,37.932460784912109
81903575,2022,2022-10-28,0710,2022-10-05,2011,1640,CENTR,3,5,5,0710,0,0,0,,0,006,"21ST ST","CHANSLOR AV",0.00,,Y,A,-,N,,,,,,,,,,N,3,0,1,2,A,-,10,21950,A,N,G,B,B,A,H,-,D,D,0,Y,,,,Y,,I,11,0,1,0,0,1,0,0,0,0,"- ","- ",37.932308197021484,-122.34944915771484,"CONTRA COSTA",RICHMOND,-122.34947967529297,37.932460784912109
81904921,2022,2022-10-31,0710,2022-10-19,0200,1644,SOUTH,3,5,5,0710,0,0,0,,0,001,"VIRGINIA AV","S. 9TH STREET",0.00,,Y,A,-,N,,,,,,,,,,N,3,0,1,2,-,-,"- ",,,F,D,G,A,A,H,-,C,D,0,,Y,,,Y,,-,"- ",0,1,0,0,0,0,1,0,0,"- ","- ",,,"CONTRA COSTA",RICHMOND,-122.36102294921875,37.926628112792969
81916175,2022,2022-11-14,0710,2022-10-27,1430,1692,CENTR,4,5,5,0710,0,0,0,,0,006,"MACDONALD AV","RICHMOND PKWY",0.00,,Y,A,-,N,,,,,,,,,,N,3,0,1,2,A,-,08,22107,,F,D,G,A,A,H,-,A,A,0,,Y,,,Y,,A,01,0,1,0,0,0,0,1,0,0,"- ","- ",37.935619354248047,-122.37229156494141,"CONTRA COSTA",RICHMOND,-122.37296295166016,37.935909271240234
81917647,2022,2022-11-15,0710,2022-11-02,0830,1324,NORTH,3,5,5,0710,0,0,0,,0,008,"PARK CENTRAL","PARKWAY DR",13.00,S,N,A,-,N,,,,,,,,,,N,3,0,1,2,A,-,08,22107,,N,G,B,E,A,H,-,A,D,0,Y,,,,Y,,B,01,0,1,0,0,1,0,0,0,0,"- ","- ",37.980918884277344,-122.31215667724609,"CONTRA COSTA",RICHMOND,-122.31198120117188,37.981254577636719
81924845,2022,2022-11-23,0710,2022-10-21,0810,1324,SOUTH,5,5,5,0710,0,0,0,,0,002,"OHIO AV","MARINA WY S",5.00,W,Y,B,-,N,,,,,,,,,,N,4,0,1,2,A,-,11,21950,B,N,G,B,B,A,H,-,A,A,0,Y,,,,Y,,A,01,0,0,1,0,1,0,0,0,0,"- ","- ",37.930721282958984,-122.35597991943359,"CONTRA COSTA",RICHMOND,-122.35596466064453,37.930759429931641
81926950,2022,2022-11-28,0710,2022-11-16,0800,1662,CENTR,3,5,5,0710,0,0,0,,0,005,"PENNSYLVANIA AV","HARBOUR WY (N)",5.00,E,N,A,-,N,,,,,,,,,,N,4,0,1,2,A,-,05,21650,,N,B,G,A,A,H,-,A,A,0,,Y,,,Y,,A,07,0,0,1,0,0,0,1,0,0,"- ","- ",37.942619323730469,-122.35964965820312,"CONTRA COSTA",RICHMOND,-122.35994720458984,37.942615509033203