CASE_ID,ACCIDENT_YEAR,PROC_DATE,JURIS,COLLISION_DATE,COLLISION_TIME,OFFICER_ID,REPORTING_DISTRICT,DAY_OF_WEEK,CHP_SHIFT,POPULATION,CNTY_CITY_LOC,SPECIAL_COND,BEAT_TYPE,CHP_BEAT_TYPE,CITY_DIVISION_LAPD,CHP_BEAT_CLASS,BEAT_NUMBER,PRIMARY_RD,SECONDARY_RD,DISTANCE,DIRECTION,INTERSECTION,WEATHER_1,WEATHER_2,STATE_HWY_IND,CALTRANS_COUNTY,CALTRANS_DISTRICT,STATE_ROUTE,ROUTE_SUFFIX,POSTMILE_PREFIX,POSTMILE,LOCATION_TYPE,RAMP_INTERSECTION,SIDE_OF_HWY,TOW_AWAY,COLLISION_SEVERITY,NUMBER_KILLED,NUMBER_INJURED,PARTY_COUNT,PRIMARY_COLL_FACTOR,PCF_CODE_OF_VIOL,PCF_VIOL_CATEGORY,PCF_VIOLATION,PCF_VIOL_SUBSECTION,HIT_AND_RUN,TYPE_OF_COLLISION,MVIW,PED_ACTION,ROAD_SURFACE,ROAD_COND_1,ROAD_COND_2,LIGHTING,CONTROL_DEVICE,CHP_ROAD_TYPE,PEDESTRIAN_ACCIDENT,BICYCLE_ACCIDENT,MOTORCYCLE_ACCIDENT,TRUCK_ACCIDENT,NOT_PRIVATE_PROPERTY,ALCOHOL_INVOLVED,STWD_VEHTYPE_AT_FAULT,CHP_VEHTYPE_AT_FAULT,COUNT_SEVERE_INJ,COUNT_VISIBLE_INJ,COUNT_COMPLAINT_PAIN,COUNT_PED_KILLED,COUNT_PED_INJURED,COUNT_BICYCLIST_KILLED,COUNT_BICYCLIST_INJURED,COUNT_MC_KILLED,COUNT_MC_INJURED,PRIMARY_RAMP,SECONDARY_RAMP,LATITUDE,LONGITUDE,COUNTY,CITY,POINT_X,POINT_Y
81932050,2022,2022-12-02,0710,2022-11-18,1910,1818,CENTR,5,5,5,0710,0,0,0,,0,006,"MACDONALD AV","3RD ST",0.00,,Y,A,-,N,,,,,,,,,,N,2,0,1,2,A,-,10,21950,A,F,G,B,B,A,H,-,C,D,0,Y,,,,Y,Y,M,96,1,0,0,0,1,0,0,0,0,"- ","- ",37.935821533203125,-122.36653900146484,"CONTRA COSTA",RICHMOND,-122.36665344238281,37.935718536376953
8193230,2016,2016-12-23,0710,2016-10-28,2015,1380,CENTR,5,5,5,0710,0,0,0,,0,006,"BARRETT AV","5TH ST",0.00,,Y,B,-,N,,,,,,,,,,N,2,0,1,2,A,-,10,21950,A,F,G,B,B,B,H,-,C,D,0,Y,,,,Y,,-,,1,0,0,0,1,0,0,0,0,"- ","- ",,,"CONTRA COSTA",RICHMOND,-122.36469996,37.93842995
81934671,2022,2022-12-06,0710,2022-11-09,1450,1692,CENTR,3,5,5,0710,0,0,0,,0,006,"MARINA WY","BISSELL AV",0.00,,Y,B,-,N,,,,,,,,,,N,4,0,1,2,A,-,10,21950,A,N,G,B,B,A,H,-,A,A,0,Y,,,,Y,,A,07,0,0,1,0,1,0,0,0,0,"- ","- ",37.933738708496094,-122.35552978515625,"CONTRA COSTA",RICHMOND,-122.35617828369141,37.934074401855469
81961376,2022,2023-01-06,0710,2022-12-08,2120,1707,NORTH,4,5,5,0710,0,0,0,,0,008,"LAKESIDE DR","RESEARCH DR",200.00,N,N,B,C,N,,,,,,,,,,N,4,0,1,2,A,-,11,21956,A,N,G,B,E,B,H,-,C,D,0,Y,,,,Y,,N,60,0,0,1,0,1,0,0,0,0,"- ","- ",37.984600067138672,-122.33281707763672,"CONTRA COSTA",RICHMOND,-122.33290100097656,37.985107421875
81965072,2022,2023-01-11,0710,2022-12-24,1519,1784,SOUTH,6,5,5,0710,0,0,0,,0,003,"SAN JOAQUIN ST","MODOC AV",410.00,S,N,A,-,N,,,,,,,,,,N,4,0,1,2,A,-,03,22350,,N,C,G,A,-,H,-,A,D,0,,Y,,,Y,,A,07,0,0,1,0,0,0,1,0,0,"- ","- ",37.907760620117188,-122.31620788574219,"CONTRA COSTA",RICHMOND,-122.31517791748047,37.90673828125
81981390,2023,2023-01-30,0710,2023-01-09,1828,1733,CENTR,1,5,5,0710,0,0,0,,0,005,"HARBOUR WY","BARRETT AV",85.00,N,N,A,-,N,,,,,,,,,,N,4,0,1,2,A,-,05,21202,A,N,C,B,F,A,H,-,C,D,0,Y,Y,,,Y,,L,04,0,0,1,0,1,0,0,0,0,"- ","- ",,,"CONTRA COSTA",RICHMOND,-122.36004638671875,37.938594818115234
81983617,2022,2023-02-01,0710,2022-12-31,2053,1813,,6,5,5,0710,0,0,0,,0,,"CUTTING BLVD","S 34TH ST",31.00,S,N,A,-,N,,,,,,,,,,N,3,0,1,2,A,-,10,21950,A,N,G,B,B,A,H,-,C,D,0,Y,,,,Y,,A,01,0,1,0,0,1,0,0,0,0,"- ","- ",,,"CONTRA COSTA",RICHMOND,-122.33693695068359,37.925251007080078
81983619,2023,2023-02-01,0710,2023-01-05,1518,1733,SOUTH,4,5,5,0710,0,0,0,,0,002,"HARBOUR WY","OHIO AV",0.00,,Y,A,-,N,,,,,,,,,,N,4,0,1,2,A,-,10,21950,A,N,G,B,B,A,H,-,A,A,0,Y,,,,Y,,A,01,0,0,1,0,1,0,0,0,0,"- ","- ",37.930828094482422,-122.36004638671875,"CONTRA COSTA",RICHMOND,-122.36004638671875,37.930824279785156
81995670,2023,2023-02-16,0710,2023-01-27,1549,1745,CENTR,5,5,5,0710,0,0,0,,0,004,"21ST ST","MACDONALD AV",0.00,,N,A,-,N,,,,,,,,,,N,4,0,1,2,A,-,09,21800,A,M,D,G,A,A,H,-,A,-,0,,Y,,,Y,,A,01,0,0,1,0,0,0,1,0,0,"- ","- ",37.935558319091797,-122.34942626953125,"CONTRA COSTA",RICHMOND,-122.34955596923828,37.935737609863281
81996627,2023,2023-02-17,0710,2023-01-26,1300,1740,CENTR,4,5,5,0710,0,0,0,,0,006,"MARINA WY","BARRETT AV",0.00,,Y,A,-,N,,,,,,,,,,N,3,0,1,2,A,-,10,21950,A,N,G,B,B,A,H,-,A,A,0,Y,,,,Y,,A,01,0,1,0,0,1,0,0,0,0,"- ","- ",37.938098907470703,-122.35545349121094,"CONTRA COSTA",RICHMOND,-122.35616302490234,37.938510894775391
81997862,2023,2023-02-20,0710,2023-02-07,"124 ",1426,SOUTH,2,5,5,0710,0,0,0,,0,002,"446 MARINA WAY SOUTH","CUTTING BOULEVARD",132.00,N,N,A,-,Y,,,,,,,,,,N,2,0,1,2,D,-,00,,,F,G,B,D,A,H,-,C,D,0,Y,,,,Y,,-,"- ",1,0,0,0,1,0,0,0,0,"- ","- ",,,"CONTRA COSTA",RICHMOND,-122.35589599609375,37.925563812255859
82003337,2023,2023-02-27,0710,2023-02-09,1905,1692,SOUTH,4,5,5,0710,0,0,0,,0,003,"CUTTING BLVD","S. 37TH ST.",0.00,,Y,A,-,N,,,,,,,,,,N,3,0,1,2,A,-,12,21453,A,N,D,G,A,A,H,-,C,A,0,,Y,,,Y,,L,04,0,1,0,0,0,0,1,0,0,"- ","- ",,,"CONTRA COSTA",RICHMOND,-122.33429718017578,37.925342559814453
82003338,2023,2023-02-27,0710,2023-02-09,"720 ",1407,SOUTH,4,5,5,0710,0,0,0,,0,002,"VIRGINIA AV","19TH ST",0.00,,Y,A,-,N,,,,,,,,,,N,4,0,1,2,A,-,12,22450,A,M,D,G,A,A,H,-,A,A,0,,Y,,,Y,,L,04,0,0,1,0,0,0,1,0,0,"- ","- ",37.926479339599609,-122.35140991210938,"CONTRA COSTA",RICHMOND,-122.35127258300781,37.926601409912109
82005684,2023,2023-03-01,0710,2023-02-11,1733,1662,NORTH,6,5,5,0710,0,0,0,,0,007,"CARLSON BLVD","PULLMAN AV",0.00,,Y,A,-,N,,,,,,,,,,N,4,0,1,2,A,-,09,21804,A,N,D,G,A,A,H,-,B,D,0,,Y,,,Y,,L,04,0,0,1,0,0,0,1,0,0,"- ","- ",37.928611755371094,-122.34239959716797,"CONTRA COSTA",RICHMOND,-122.342529296875,37.928401947021484
82014371,2023,2023-03-13,0710,2023-02-13,1450,1828,SOUTH,1,5,5,0710,0,0,0,,0,002,"BARRETT AV","SAN PABLO AV",3.00,E,N,A,-,N,,,,,,,,,,N,3,0,1,2,A,-,05,21650,,N,D,G,A,A,H,-,A,A,0,,Y,,,Y,,L,04,0,1,0,0,0,0,1,0,0,"- ","- ",37.935218811035156,-122.32479095458984,"CONTRA COSTA",RICHMOND,-122.32505035400391,37.935333251953125
82014372,2023,2023-03-10,0710,2023-02-15,"750 ",1828,SOUTH,3,5,5,0710,0,0,0,,0,002,"HARTNETT AV","BAYVIEW AV",0.00,,Y,A,-,N,,,,,,,,,,N,3,0,1,2,A,-,10,21950,A,F,A,B,B,A,H,-,A,D,0,Y,,,,Y,,A,01,0,1,0,0,1,0,0,0,0,"- ","- ",37.915088653564453,-122.32319641113281,"CONTRA COSTA",RICHMOND,-122.32308959960938,37.914947509765625
82019030,2023,2023-03-16,0710,2023-02-17,1548,1817,NORTH,5,5,5,0710,0,0,0,,0,007,"BARRETT AV","HAYES ST",0.00,,Y,A,-,N,,,,,,,,,,N,4,0,1,2,A,-,12,22450,A,N,A,G,A,A,H,-,A,A,0,,Y,,,Y,,I,11,0,0,1,0,0,0,1,0,0,"- ","- ",37.938301086425781,-122.34697723388672,"CONTRA COSTA",RICHMOND,-122.34664916992188,37.938365936279297
82019035,2023,2023-03-16,0710,2023-02-24,1523,1760,CENTR,5,5,5,0710,0,0,0,,0,006,"BISSELL AV","15TH ST",47.00,W,N,A,-,N,,,,,,,,,,N,4,0,1,2,A,-,05,21651,B,N,D,G,A,A,H,-,A,D,0,,Y,,,Y,,-,"- ",0,0,1,0,0,0,1,0,0,"- ","- ",37.934009552001953,-122.35514068603516,"CONTRA COSTA",RICHMOND,-122.35536956787109,37.934070587158203
82020221,2023,2023-03-17,0710,2023-01-17,1945,1343,SOUTH,2,5,5,0710,0,0,0,,0,001,"MARINA BAY PKWY","POTRERO AV",1.00,N,N,A,-,N,,,,,,,,,,N,3,0,1,2,A,-,11,21954,A,N,G,B,D,A,H,-,C,D,0,Y,,,,Y,,N,60,0,1,0,0,1,0,0,0,0,"- ","- ",37.924228668212891,-122.34768676757812,"CONTRA COSTA",RICHMOND,-122.34770202636719,37.923912048339844
8203154,2016,2017-01-09,0710,2016-10-20,1155,1662,0710,4,5,5,0710,0,0,0,,0,003,"OHIO AV","26TH ST",50.00,E,N,A,-,N,,,,,,,,,,N,3,0,1,2,A,-,11,21954,A,N,G,B,D,A,H,-,A,D,0,Y,,,,Y,,N,60,0,1,0,0,1,0,0,0,0,"- ","- ",,,"CONTRA COSTA",RICHMOND,,
82036074,2023,2023-04-04,0710,2023-02-21,1825,1811,NORTH,2,5,5,0710,0,0,0,,0,007,"SAN PABLO AV","GARVIN AV",320.00,N,N,F,-,N,,,,,,,,,,N,3,0,1,2,A,-,10,21950,A,F,G,B,D,A,H,-,D,D,0,Y,,,,Y,,-,99,0,1,0,0,1,0,0,0,0,"- ","- ",37.942939758300781,-122.32816314697266,"CONTRA COSTA",RICHMOND,-122.32944488525391,37.944503784179688
82039096,2023,2023-04-07,0710,2023-02-03,2105,1818,NORTH,5,5,5,0710,0,0,0,,0,007,"MACDONALD AV","SAN PABLO AV",50.00,E,N,A,-,N,,,,,,,,,,N,4,0,1,2,A,-,11,21955,,N,G,B,D,A,H,-,C,D,0,Y,,,,Y,Y,N,60,0,0,1,0,1,0,0,0,0,"- ","- ",37.932151794433594,-122.32318878173828,"CONTRA COSTA",RICHMOND,-122.32321166992188,37.932254791259766
82039990,2023,2023-04-10,0710,2023-01-17,"330 ",1712,NORTH,2,5,5,0710,0,0,0,,0,008,"ATLAS RD","OAKMONT DR",0.00,,Y,A,-,N,,,,,,,,,,N,4,0,1,2,A,-,03,22350,,N,G,B,B,A,H,-,D,D,0,Y,,,,Y,,-,"- ",0,0,1,0,1,0,0,0,0,"- ","- ",37.994781494140625,-122.34105682373047,"CONTRA COSTA",RICHMOND,-122.3411865234375,37.994560241699219
82043811,2023,2023-04-13,0710,2023-03-24,1905,1818,NORTH,5,5,5,0710,0,0,0,,0,007,"CLINTON AV","WILSON AV",0.00,,Y,A,-,N,,,,,,,,,,N,3,0,1,2,A,-,12,22450,A,N,D,G,A,A,H,-,A,D,0,,Y,,,Y,,L,04,0,1,0,0,0,0,1,0,0,"- ","- ",37.940448760986328,-122.32869720458984,"CONTRA COSTA",RICHMOND,-122.32841491699219,37.940479278564453
82046135,2023,2023-04-17,0710,2023-03-29,1715,1496,SOUTH,3,5,5,0710,0,0,0,,0,002,"CUTTING BLVD","HARBOUR WY S",162.00,E,N,C,-,N,,,,,,,,,,N,4,0,1,2,A,-,08,22107,,F,G,B,D,B,H,-,A,D,0,Y,,,,Y,,A,01,0,0,1,0,1,0,0,0,0,"- ","- ",37.925220489501953,-122.36019897460938,"CONTRA COSTA",RICHMOND,-122.35948944091797,37.925220489501953
82052211,2023,2023-04-25,0710,2023-04-08,1830,1817,NORTH,6,5,5,0710,0,0,0,,0,008,"HILLTOP MALL RD","ROBERT H MILLER DR",0.00,,Y,A,-,N,,,,,,,,,,N,2,0,1,2,A,-,10,21950,A,F,H,B,B,A,H,-,A,D,0,Y,,,,Y,,A,01,1,0,0,0,1,0,0,0,0,"- ","- ",37.979129791259766,-122.33216857910156,"CONTRA COSTA",RICHMOND,-122.33193206787109,37.979190826416016
82057149,2023,2023-05-01,0710,2023-04-13,"759 ",1687,NORTH,4,5,5,0710,0,0,0,,0,008,"RICHMOND PKWY","BLUME DR",200.00,W,N,A,-,N,,,,,,,,,,N,4,0,1,2,A,-,08,22107,,F,G,B,E,A,D,E,A,A,0,Y,,,,Y,,A,01,0,0,1,0,1,0,0,0,0,"- ","- ",37.987049102783203,-122.31694030761719,"CONTRA COSTA",RICHMOND,-122.31761169433594,37.987094879150391
82068324,2023,2023-05-15,0710,2023-04-19,1800,1819,CENTR,3,5,5,0710,0,0,0,,0,004,"RHEEM AV","20TH ST",8.00,E,N,A,-,N,,,,,,,,,,N,3,0,1,2,A,-,12,22450,A,N,D,G,A,A,H,-,A,A,0,,Y,,,Y,,L,04,0,1,0,0,0,0,1,0,0,"- ","- ",37.949569702148438,-122.35018920898438,"CONTRA COSTA",RICHMOND,-122.35011291503906,37.949581146240234
82156505,2023,2023-08-29,0710,2023-07-03,2049,1824,,1,5,5,0710,0,0,0,,0,007,"SAN PABLO AV","SWANS WY",100.00,N,N,A,-,N,,,,,,,,,,N,4,0,1,2,A,-,11,21950,B,N,G,B,E,A,H,-,C,D,0,Y,,,,Y,,-,"- ",0,0,1,0,1,0,0,0,0,"- ","- ",37.937068939208984,-122.32550811767578,"CONTRA COSTA",RICHMOND,-122.32640838623047,37.938125610351562
82156536,2023,2023-08-31,0710,2023-04-28,1505,1459,SOUTH,5,5,5,0710,0,0,0,,0,001,"W RICHMOND AVE.","S. GARRARD BLVD.",0.00,,Y,A,-,N,,,,,,,,,,N,2,0,1,2,A,-,10,21950,A,N,G,B,B,A,H,-,A,D,0,Y,,,,Y,,A,01,1,0,0,0,1,0,0,0,0,"- ","- ",,,"CONTRA COSTA",RICHMOND,-122.38333892822266,37.925289154052734
82156549,2023,2023-08-29,0710,2023-05-04,"707 ",1426,SOUTH,4,5,5,0710,0,0,0,,0,001,"S. 8TH STREET","FLORIDA AVE.",0.00,,Y,A,-,Y,,,,,,,,,,N,3,0,1,2,A,-,12,22450,A,N,H,G,A,A,H,-,A,D,0,,Y,,,Y,,L,04,0,1,0,0,0,0,1,0,0,"- ","- ",,,"CONTRA COSTA",RICHMOND,-122.36199951171875,37.929439544677734
82156557,2023,2023-08-29,0710,2023-05-09,"42  ",1644,CENTR,2,5,5,0710,0,0,0,,0,005,"301 WILLARD AVE","FRED JACKSON WAY",100.00,E,N,A,-,N,,,,,,,,,,N,3,0,1,2,A,-,21,22106,,F,G,B,F,A,H,-,C,D,0,Y,,,,Y,,A,01,0,1,0,0,1,0,0,0,0,"- ","- ",,,"CONTRA COSTA",RICHMOND,,
82156591,2023,2023-08-29,0710,2023-05-20,1600,1662,CENTR,6,5,5,0710,0,0,0,,0,004,"13TH ST","RHEEM AV (N)",5.00,S,N,B,-,N,,,,,,,,,,N,3,0,1,2,A,-,09,21801,A,N,D,G,A,A,H,-,A,A,0,,Y,,,Y,,D,22,0,1,0,0,0,0,1,0,0,"- ","- ",37.949691772460938,-122.35720825195312,"CONTRA COSTA",RICHMOND,-122.35720825195312,37.949596405029297
82156622,2023,2023-08-29,0710,2023-06-01,2245,1426,CENTR,4,5,5,0710,0,0,0,,0,004,"22ND ST","CARLSON BLVD",0.00,,Y,A,-,Y,,,,,,,,,,Y,4,0,1,2,A,-,10,21950,A,F,G,B,B,A,H,-,C,D,0,Y,,,,Y,Y,A,01,0,0,1,0,1,0,0,0,0,"- ","- ",37.932731628417969,-122.34854888916016,"CONTRA COSTA",RICHMOND,-122.34860229492188,37.932910919189453
82156692,2023,2023-09-04,0710,2023-07-01,1000,1707,NORTH,6,5,5,0710,0,0,0,,0,008,"RICHMOND PKWY","GOODRICK AV",5.00,N,N,A,-,N,,,,,,,,,,Y,1,1,0,2,A,-,12,21453,A,F,D,G,A,A,H,-,A,A,0,,Y,,,Y,,L,04,0,0,0,0,0,1,0,0,0,"- ","- ",37.974330902099609,-122.36521148681641,"CONTRA COSTA",RICHMOND,-122.36522674560547,37.974201202392578
82156698,2023,2023-08-29,0710,2023-07-04,1447,1825,CENTR,2,5,5,0710,0,0,0,,0,005,"PENNSYLVANIA AV","8TH ST",0.00,,Y,A,-,N,,,,,,,,,,N,4,0,1,2,A,-,10,21952,,N,A,B,B,A,H,-,A,A,0,Y,,,,Y,,A,01,0,0,1,0,1,0,0,0,0,"- ","- ",37.942619323730469,-122.36142730712891,"CONTRA COSTA",RICHMOND,-122.36170959472656,37.942588806152344
82156701,2023,2023-08-29,0710,2023-07-07,1146,1813,NORTH,5,5,5,0710,0,0,0,,0,008,"RICHMOND PKWY","ATLAS RD",140.00,E,N,A,-,N,,,,,,,,,,N,4,0,1,2,A,-,10,21950,A,N,G,B,B,A,H,-,A,A,0,Y,,,,Y,,A,01,0,0,1,0,1,0,0,0,0,"- ","- ",37.991081237792969,-122.33625793457031,"CONTRA COSTA",RICHMOND,-122.33585357666016,37.991264343261719
82156705,2023,2023-08-29,0710,2023-07-08,1920,1770,CENTR,6,5,5,0710,0,0,0,,0,006,"HARBOUR WY","BISSELL AV",0.00,,Y,A,-,N,,,,,,,,,,N,3,0,1,2,A,-,03,22350,,N,D,G,A,A,H,-,A,-,0,,Y,,,Y,,A,07,0,1,0,0,0,0,1,0,0,"- ","- ",37.934078216552734,-122.35993194580078,"CONTRA COSTA",RICHMOND,-122.36000823974609,37.934074401855469
82156730,2023,2023-08-31,0710,2023-07-20,2233,1842,NORTH,4,5,5,0710,0,0,0,,0,007,"SAN PABLO AV","CLINTON AV",76.00,N,N,A,-,N,,,,,,,,,,N,4,0,1,2,A,-,11,21954,A,N,G,B,D,A,H,-,C,D,0,Y,,,,Y,Y,N,60,0,0,1,0,1,0,0,0,0,"- ","- ",37.940311431884766,-122.32774353027344,"CONTRA COSTA",RICHMOND,-122.32756042480469,37.940555572509766
8284018,2016,2017-01-24,0710,2016-12-22,1748,1662,0710,4,5,5,0710,0,0,0,,0,001,"HARBOR WY","VIRGINIA AV",3.00,S,N,A,-,N,,,,,,,,,,N,4,0,1,2,A,-,10,21950,A,N,G,B,B,A,H,-,C,D,0,Y,,,,Y,,A,01,0,0,1,0,1,0,0,0,0,"- ","- ",,,"CONTRA COSTA",RICHMOND,-122.36005,37.92661176
8284042,2016,2017-01-24,0710,2016-12-02,1415,1641,NORTH,5,5,5,0710,0,0,0,,0,007,"BARRETT AV","37TH ST",0.00,,Y,A,-,N,,,,,,,,,,N,2,0,1,2,A,-,08,22107,,F,-,G,A,A,H,-,B,A,0,,Y,,,Y,,A,01,1,0,0,0,0,0,1,0,0,"- ","- ",,,"CONTRA COSTA",RICHMOND,-122.33361988999999,37.936549890000002
8284046,2016,2017-01-24,0710,2016-12-01,1921,1713,SOUTH,4,5,5,0710,0,0,0,,0,001,"HOFFMAN BL","CUTTING BL",300.00,S,N,A,-,N,,,,,,,,,,N,3,0,1,2,A,-,03,22350,,F,-,B,D,A,H,-,D,D,0,Y,,,,Y,,A,07,0,1,0,0,1,0,0,0,0,"- ","- ",,,"CONTRA COSTA",RICHMOND,-122.36384479,37.924455420000001
8284054,2016,2017-01-23,0710,2016-12-17,1717,1713,CENTR,6,5,5,0710,0,0,0,,0,006,"BISSELL AV","HARBOUR WY S",0.00,,Y,C,-,N,,,,,,,,,,N,4,0,1,2,A,-,10,21950,A,F,G,B,B,B,-,-,C,A,0,Y,,,,Y,,A,01,0,0,1,0,1,0,0,0,0,"- ","- ",,,"CONTRA COSTA",RICHMOND,-122.36000989999999,37.934069919999999
8284588,2016,2017-04-05,0710,2016-11-03,0745,1714,CENTR,4,5,5,0710,0,0,0,,0,006,"BARRETT AV","8TH ST",0.00,,Y,A,-,N,,,,,,,,,,N,2,0,1,2,A,-,10,21950,A,N,G,B,B,A,H,-,A,D,0,Y,,,,Y,,-,,1,0,0,0,1,0,0,0,0,"- ","- ",,,"CONTRA COSTA",RICHMOND,-122.36184996,37.938519939999999
8284628,2016,2017-01-30,0710,2016-11-18,1750,1662,0710,5,5,5,0710,0,0,0,,0,003,"CENTRAL AV","RYDIN RD",20.00,W,N,A,-,N,,,,,,,,,,N,3,0,1,2,B,-,22,,,N,D,G,A,A,H,-,C,A,0,,Y,,,Y,,-,"- ",0,1,0,0,0,0,1,0,0,"- ","- ",,,"CONTRA COSTA",RICHMOND,-122.31677741999999,37.899677160000003
8286967,2016,2017-01-23,0710,2016-04-14,0821,1494,NORTH,4,5,5,0710,0,0,0,,0,007,"MACONDLAD AV","28TH ST",12.00,W,N,A,-,N,,,,,,,,,,N,4,0,1,2,A,-,06,21951,,N,G,B,C,A,H,-,A,D,0,Y,,,,Y,,A,01,0,0,1,0,1,0,0,0,0,"- ","- ",,,"CONTRA COSTA",RICHMOND,-122.34205574000001,37.934965409999997
8286976,2016,2017-01-23,0710,2016-08-28,1900,1546,,7,5,5,0710,0,0,0,,0,007,"23RD ST","GRANT AV",0.00,,Y,A,-,N,,,,,,,,,,N,4,0,1,2,-,-,"- ",,,N,A,B,B,A,-,-,A,D,0,Y,,,,Y,Y,-,"- ",0,0,1,0,1,0,0,0,0,"- ","- ",,,"CONTRA COSTA",RICHMOND,-122.34748994,37.941479940000001
8286986,2016,2017-02-09,0710,2016-03-27,1620,1686,CENTR,7,5,5,0710,0,0,0,,0,005,"WILLARD AV","YORK ST",84.00,E,N,A,-,N,,,,,,,,,,N,3,0,1,2,A,-,03,22350,,N,G,B,D,A,H,-,A,D,0,Y,,,,Y,,A,01,0,1,0,0,1,0,0,0,0,"- ","- ",,,"CONTRA COSTA",RICHMOND,-122.36856861,37.951246980000001
8295572,2016,2017-02-06,0710,2016-02-06,1036,1685,NORTH,6,5,5,0710,0,0,0,,0,007,"SAN PABLO AV","MACDONALD AV",30.00,N,N,A,-,N,,,,,,,,,,N,4,0,1,2,A,-,00,21954,,N,G,B,D,A,H,-,A,D,0,Y,,,,Y,,N,60,0,0,1,0,1,0,0,0,0,"- ","- ",,,"CONTRA COSTA",RICHMOND,-122.32342774999999,37.932353220000003
8300051,2016,2017-02-02,0710,2016-10-31,1835,1586,,1,5,5,0710,0,0,0,,0,,"MACDONALD AV","16TH ST",0.00,,Y,C,-,N,,,,,,,,,,N,2,0,1,2,D,-,00,,,N,G,B,B,B,H,-,C,A,0,Y,,,,Y,Y,-,"- ",1,0,0,0,1,0,0,0,0,"- ","- ",,,"CONTRA COSTA",RICHMOND,-122.35422994,37.935709989999999
8316480,2016,2017-02-27,0710,2016-11-18,0750,1505,NORTH,5,5,5,0710,0,0,0,,0,007,"AMADOR AV","MCBRYDE AV",0.00,,Y,B,-,N,,,,,,,,,,,4,0,1,2,A,-,05,21650,A,N,-,B,B,A,H,-,A,D,0,Y,,,,Y,,A,01,0,0,1,0,1,0,0,0,0,"- ","- ",,,"CONTRA COSTA",RICHMOND,-122.32568990999999,37.948759979999998
8316481,2016,2017-02-27,0710,2016-11-23,1421,1494,CENTR,3,5,5,0710,0,0,0,,0,006,"BISSELL AV","15TH ST",12.00,W,N,A,-,N,,,,,,,,,,N,2,0,1,2,A,-,05,21650,,F,D,G,A,A,H,-,A,A,0,,Y,,,Y,,A,01,1,0,0,0,0,0,1,0,0,"- ","- ",,,"CONTRA COSTA",RICHMOND,-122.35525162,37.934069999999998
8322530,2016,2017-03-21,0710,2016-12-05,1727,1512,CENTR,1,5,5,0710,0,0,0,,0,005,"BARRETT AV","HARBOUR WY",0.00,,Y,B,-,N,,,,,,,,,,N,3,0,1,2,A,-,11,21954,A,N,A,G,A,A,H,-,C,A,0,,Y,,,Y,,L,04,0,1,0,0,0,0,1,0,0,"- ","- ",,,"CONTRA COSTA",RICHMOND,-122.36005986000001,37.938360000000003
8322538,2016,2017-03-21,0710,2016-12-08,0811,1477,NORTH,4,5,5,0710,0,0,0,,0,007,"BARRETT AV","WILSON AV",0.00,,Y,C,-,N,,,,,,,,,,N,4,0,1,2,A,-,09,21802,A,N,D,G,A,B,H,-,A,A,0,,Y,,,Y,,L,04,0,0,1,0,0,0,1,0,0,"- ","- ",,,"CONTRA COSTA",RICHMOND,-122.32593987999999,37.935419950000004
8324160,2016,2017-03-15,0710,2016-12-03,1655,1662,0710,6,5,5,0710,0,0,0,,0,004,"BARRETT AV","18TH ST",12.00,W,N,A,-,N,,,,,,,,,,N,3,0,1,2,A,-,10,21950,A,N,G,B,B,A,H,-,B,D,0,Y,,,,Y,,A,07,0,1,0,0,1,0,0,0,0,"- ","- ",,,"CONTRA COSTA",RICHMOND,-122.35253161,37.938459199999997