CASE_ID,ACCIDENT_YEAR,PROC_DATE,JURIS,COLLISION_DATE,COLLISION_TIME,OFFICER_ID,REPORTING_DISTRICT,DAY_OF_WEEK,CHP_SHIFT,POPULATION,CNTY_CITY_LOC,SPECIAL_COND,BEAT_TYPE,CHP_BEAT_TYPE,CITY_DIVISION_LAPD,CHP_BEAT_CLASS,BEAT_NUMBER,PRIMARY_RD,SECONDARY_RD,DISTANCE,DIRECTION,INTERSECTION,WEATHER_1,WEATHER_2,STATE_HWY_IND,CALTRANS_COUNTY,CALTRANS_DISTRICT,STATE_ROUTE,ROUTE_SUFFIX,POSTMILE_PREFIX,POSTMILE,LOCATION_TYPE,RAMP_INTERSECTION,SIDE_OF_HWY,TOW_AWAY,COLLISION_SEVERITY,NUMBER_KILLED,NUMBER_INJURED,PARTY_COUNT,PRIMARY_COLL_FACTOR,PCF_CODE_OF_VIOL,PCF_VIOL_CATEGORY,PCF_VIOLATION,PCF_VIOL_SUBSECTION,HIT_AND_RUN,TYPE_OF_COLLISION,MVIW,PED_ACTION,ROAD_SURFACE,ROAD_COND_1,ROAD_COND_2,LIGHTING,CONTROL_DEVICE,CHP_ROAD_TYPE,PEDESTRIAN_ACCIDENT,BICYCLE_ACCIDENT,MOTORCYCLE_ACCIDENT,TRUCK_ACCIDENT,NOT_PRIVATE_PROPERTY,ALCOHOL_INVOLVED,STWD_VEHTYPE_AT_FAULT,CHP_VEHTYPE_AT_FAULT,COUNT_SEVERE_INJ,COUNT_VISIBLE_INJ,COUNT_COMPLAINT_PAIN,COUNT_PED_KILLED,COUNT_PED_INJURED,COUNT_BICYCLIST_KILLED,COUNT_BICYCLIST_INJURED,COUNT_MC_KILLED,COUNT_MC_INJURED,PRIMARY_RAMP,SECONDARY_RAMP,LATITUDE,LONGITUDE,COUNTY,CITY,POINT_X,POINT_Y
8326190,2017,2017-04-06,0710,2017-01-27,2200,1224,,5,5,5,0710,0,0,0,,0,007,"23RD ST","RHEEM AV",0.00,,Y,A,-,N,,,,,,,,,,N,3,0,1,2,A,-,05,21650,,N,-,G,A,-,H,-,C,A,0,,Y,,,Y,,L,04,0,1,0,0,0,0,1,0,0,"- ","- ",,,"CONTRA COSTA",RICHMOND,-122.34744995,37.949759919999998
8331872,2017,2017-04-19,0710,2017-01-16,1636,1496,SOUTH,1,5,5,0710,0,0,0,,0,003,"CUTTING BL","S 37TH ST",0.00,,Y,A,-,N,,,,,,,,,,N,3,0,1,2,A,-,00,24153,A,N,D,B,B,A,H,-,A,A,0,Y,,,,Y,,N,60,0,1,0,0,1,0,0,0,0,"- ","- ",,,"CONTRA COSTA",RICHMOND,-122.33429991,37.925339940000001
8334769,2017,2017-04-05,0710,2017-01-19,0018,1655,CENTR,4,5,5,0710,0,0,0,,0,006,"HARBOUR WY","MACDONALD AV",5.00,S,N,C,-,N,,,,,,,,,,N,3,0,1,2,A,-,10,21950,,F,A,B,B,B,H,-,C,-,0,Y,,,,Y,,-,,0,1,0,0,1,0,0,0,0,"- ","- ",,,"CONTRA COSTA",RICHMOND,-122.36001,37.935706260000003
8334773,2017,2017-04-03,0710,2017-01-19,0140,1224,,4,5,5,0710,0,0,0,,0,003,"CARLSON BL","BAYVIEW AV",100.00,E,N,C,-,N,,,,,,,,,,N,4,0,1,2,A,-,11,21954,A,N,G,B,-,B,-,-,C,D,0,Y,,,,Y,,N,60,0,0,1,0,1,0,0,0,0,"- ","- ",,,"CONTRA COSTA",RICHMOND,-122.32321924,37.91401329
8334778,2017,2017-04-03,0710,2017-02-19,0157,1712,SOU,7,5,5,0710,0,0,0,,0,003,"CUTTING BL","S 34TH ST",3.00,W,N,C,-,N,,,,,,,,,,N,2,0,1,2,A,-,10,21950,A,F,G,B,B,B,H,-,C,D,0,Y,,,,Y,,-,,1,0,0,0,1,0,0,0,0,"- ","- ",,,"CONTRA COSTA",RICHMOND,-122.33695040000001,37.925249739999998
8334786,2017,2017-04-03,0710,2017-02-21,1850,1686,CENTR,2,5,5,0710,0,0,0,,0,006,MACDONALD,"2ND ST",0.00,,Y,A,-,N,,,,,,,,,,N,3,0,1,2,A,-,10,21950,A,N,G,B,B,A,H,-,C,D,0,Y,,,,Y,,A,01,0,1,0,0,1,0,0,0,0,"- ","- ",,,"CONTRA COSTA",RICHMOND,-122.36766,37.935719990000003
8334794,2017,2017-04-03,0710,2017-02-21,1609,1477,NORTH,2,5,5,0710,0,0,0,,0,004,"MACDONALD AV","22ND ST",0.00,,Y,B,-,N,,,,,,,,,,N,4,0,1,2,A,-,10,21950,A,N,G,B,B,B,H,-,A,A,0,Y,,,,Y,,A,08,0,0,1,0,1,0,0,0,0,"- ","- ",,,"CONTRA COSTA",RICHMOND,-122.34857991,37.935739920000003
8334798,2017,2017-04-03,0710,2017-02-07,0834,1586,,2,5,5,0710,0,0,0,,0,,"BARRETT AV","37TH ST",0.00,,Y,C,-,N,,,,,,,,,,N,4,0,1,2,A,-,09,21801,A,N,D,G,A,B,H,-,A,A,0,,Y,,,Y,,A,07,0,0,1,0,0,0,1,0,0,"- ","- ",,,"CONTRA COSTA",RICHMOND,-122.33361988999999,37.936549890000002
8337831,2017,2017-04-12,0710,2017-02-23,1946,1662,0710,4,5,5,0710,0,0,0,,0,001,"SANDERLING ISLAND","PELICAN WY",60.00,E,N,A,-,N,,,,,,,,,,N,4,0,1,2,A,-,08,22107,,F,G,B,E,A,H,-,C,D,0,Y,,,,Y,,D,22,0,0,1,0,1,0,0,0,0,"- ","- ",,,"CONTRA COSTA",RICHMOND,-122.38086235,37.90960424
8337835,2017,2017-04-12,0710,2017-02-03,0840,1505,NORTH,5,5,5,0710,0,0,0,,0,007,"RHEEM AV","34TH ST",0.00,,Y,C,-,N,,,,,,,,,,N,4,0,1,2,A,-,11,21950,B,N,G,B,B,B,H,-,A,D,0,Y,,,,Y,,N,60,0,0,1,0,1,0,0,0,0,"- ","- ",,,"CONTRA COSTA",RICHMOND,-122.33455999,37.949869890000002
8343475,2017,2017-04-11,0710,2017-02-23,2035,1662,0710,4,5,5,0710,0,0,0,,0,002,"CUTTING BL","S 13TH ST",0.00,,Y,A,-,N,,,,,,,,,,N,3,0,1,2,A,-,11,21950,B,N,G,B,D,A,H,-,C,D,0,Y,,,,Y,Y,N,60,0,1,0,0,1,0,0,0,0,"- ","- ",,,"CONTRA COSTA",RICHMOND,-122.35692989,37.92520991
8344301,2017,2017-04-17,0710,2017-03-08,1752,1662,0710,3,5,5,0710,0,0,0,,0,007,"23RD ST","RHEEM AV",20.00,S,N,A,-,N,,,,,,,,,,N,3,0,1,2,A,-,00,21760,B,F,B,G,A,A,H,-,A,A,0,,Y,,,Y,,A,01,0,1,0,0,0,0,1,0,0,"- ","- ",,,"CONTRA COSTA",RICHMOND,-122.34744999999999,37.949705059999999
8357641,2017,2017-05-10,0710,2017-03-27,1525,1477,SOUTH,1,5,5,0710,0,0,0,,0,003,"CENTRAL AV","SAN JOAQUIN ST",70.00,E,N,A,-,N,,,,,,,,,,N,2,0,1,2,A,-,05,21650,1,N,D,G,A,A,H,-,A,A,0,,Y,,Y,Y,,L,04,1,0,0,0,0,0,1,0,0,"- ","- ",,,"CONTRA COSTA",RICHMOND,-122.31131816,37.900803699999997
8358904,2017,2017-05-08,0710,2017-02-11,1614,1662,0710,6,5,5,0710,0,0,0,,0,007,"COALINGA AV","20TH ST",0.00,,Y,A,-,N,,,,,,,,,,N,4,0,1,2,A,-,11,21954,A,F,G,B,D,A,H,-,A,A,0,Y,,,,Y,,A,01,0,0,1,0,1,0,0,0,0,"- ","- ",,,"CONTRA COSTA",RICHMOND,-122.35013999,37.947399900000001
8362595,2017,2017-05-11,0710,2017-04-05,1133,1380,SOUTH,3,5,5,0710,0,0,0,,0,002,"S 23RD ST","CUTTING BL",0.00,,Y,A,-,N,,,,,,,,,,N,3,0,1,2,A,-,11,21950,B,N,G,B,B,A,H,-,A,A,0,Y,,,,Y,,N,60,0,1,0,0,1,0,0,0,0,"- ","- ",,,"CONTRA COSTA",RICHMOND,-122.34766987,37.925249970000003
8363046,2017,2017-05-15,0710,2017-04-14,1530,1703,NORTH,5,5,5,0710,0,0,0,,0,007,"SAN PABLO AV","SAN PABLO AV 12221",0.00,,N,A,-,N,,,,,,,,,,N,4,0,1,2,B,-,22,,,F,G,B,F,A,H,-,A,D,0,Y,,,,Y,,-,,0,0,1,0,1,0,0,0,0,"- ","- ",,,"CONTRA COSTA",RICHMOND,-122.32470632,37.93455007
8369193,2017,2017-05-25,0710,2017-05-03,1333,1586,,3,5,5,0710,0,0,0,,0,,"BISSELL AV","9TH ST",0.00,,Y,A,-,N,,,,,,,,,,,3,0,1,2,A,-,12,22450,A,N,-,G,A,A,H,-,A,A,0,,Y,,,Y,,L,04,0,1,0,0,0,0,1,0,0,"- ","- ",,,"CONTRA COSTA",RICHMOND,-122.36090986000001,37.934079959999998
8369368,2016,2017-05-26,0710,2016-04-01,2026,1662,0710,5,5,5,0710,0,0,0,,0,004,"MARINA WY","BISSELL AV",200.00,N,N,A,-,N,,,,,,,,,,N,3,0,1,2,A,-,11,21955,,F,G,B,D,A,H,-,C,A,0,Y,,,,Y,,N,60,0,1,0,0,1,0,0,0,0,"- ","- ",,,"CONTRA COSTA",RICHMOND,-122.35618820000001,37.93461937
8369527,2016,2017-05-31,0710,2016-03-10,1925,1662,0710,4,5,5,0710,0,0,0,,0,003,"MACDONALD AV","HARBOR WY",10.00,E,N,C,-,N,,,,,,,,,,N,4,0,1,2,A,-,11,21953,,N,G,B,D,B,H,-,C,A,0,Y,,,,Y,,N,60,0,0,1,0,1,0,0,0,0,"- ","- ",,,"CONTRA COSTA",RICHMOND,-122.35997535999999,37.935718610000002
8384286,2017,2017-07-13,0710,2017-03-28,1217,1586,,2,5,5,0710,0,0,0,,0,,"29TH ST","MARICOPA AV",0.00,,Y,A,-,N,,,,,,,,,,N,3,0,1,2,A,-,12,22450,A,N,-,G,A,-,H,-,A,A,0,,Y,,,Y,,L,04,0,1,0,0,0,0,1,0,0,"- ","- ",,,"CONTRA COSTA",RICHMOND,-122.33880992,37.950589979999997
8384290,2017,2017-07-28,0710,2017-01-27,1835,1662,0710,5,5,5,0710,0,0,0,,0,007,"37TH ST","MACDONALD AV",150.00,N,N,A,-,N,,,,,,,,,,N,3,0,1,2,A,-,11,21950,B,N,G,B,D,A,H,-,C,D,0,Y,,,,Y,Y,N,60,0,1,0,0,1,0,0,0,0,"- ","- ",,,"CONTRA COSTA",RICHMOND,-122.33412943,37.93425577
8384780,2017,2017-06-30,0710,2017-05-16,1536,1586,,2,5,5,0710,0,0,0,,0,,"CHESLEY AV","CHERRY ST",630.00,E,N,A,-,N,,,,,,,,,,,3,0,1,2,A,-,17,21200,,N,D,G,A,A,H,-,A,A,0,,Y,,,Y,Y,L,04,0,1,0,0,0,0,1,0,0,"- ","- ",,,"CONTRA COSTA",RICHMOND,-122.36018435,37.954740880000003
8384896,2017,2017-07-07,0710,2017-03-31,2155,1662,0710,5,5,5,0710,0,0,0,,0,005,"18TH ST","BARRETT AV",35.00,N,N,A,-,N,,,,,,,,,,N,3,0,1,2,A,-,08,22107,,N,G,B,-,A,H,-,C,D,0,Y,,,,Y,,-,99,0,1,0,0,1,0,0,0,0,"- ","- ",,,"CONTRA COSTA",RICHMOND,-122.35248871,37.938556140000003
8385369,2017,2017-08-18,0710,2017-05-17,1653,1728,NORTH,3,5,5,0710,0,0,0,,0,007,"PREBLE AV","23RD ST",111.00,,N,A,-,N,,,,,,,,,,N,4,0,1,2,A,-,11,21954,A,N,G,B,D,A,H,-,A,D,0,Y,,,,Y,,N,60,0,0,1,0,1,0,0,0,0,"- ","- ",,,"CONTRA COSTA",RICHMOND,-122.34753987000001,37.937669990000003
8391572,2017,2017-06-20,0710,2017-05-11,1519,1380,SOUTH,4,5,5,0710,0,0,0,,0,002,"CUTTING BL","MARINA WAY SOUTH",0.00,,Y,A,-,N,,,,,,,,,,N,4,0,1,2,A,-,21,22106,,N,G,B,E,A,H,-,A,A,0,Y,,,,Y,,A,01,0,0,1,0,1,0,0,0,0,"- ","- ",,,"CONTRA COSTA",RICHMOND,-122.35586992,37.925199900000003
8394684,2017,2017-06-26,0710,2017-05-18,0830,1483,SOUTH,4,5,5,0710,0,0,0,,0,001,"HARBOUR WY S","MAIN AV",0.00,,Y,A,-,N,,,,,,,,,,N,3,0,1,2,A,-,12,21453,A,N,G,B,B,A,H,-,A,A,0,Y,,,,Y,,A,07,0,1,0,0,1,0,0,0,0,"- ","- ",,,"CONTRA COSTA",RICHMOND,-122.360022,37.928016
8410851,2017,2017-07-25,0710,2017-06-01,1511,1705,CENTR,4,5,5,0710,0,0,0,,0,005,"HARBOUR WY","BARRETT AV",13.00,N,N,A,-,N,,,,,,,,,,N,4,0,1,2,A,-,05,21650,1,N,A,G,A,A,-,-,A,A,0,,Y,,,Y,,L,04,0,0,1,0,0,0,1,0,0,"- ","- ",,,"CONTRA COSTA",RICHMOND,-122.36005762000001,37.938395659999998
8413593,2017,2017-07-24,0710,2017-06-02,1901,1728,NORTH,5,5,5,0710,0,0,0,,0,007,"35TH ST","MACDONALD AV",100.00,N,N,A,-,N,,,,,,,,,,N,3,0,1,2,A,-,11,21954,A,N,G,B,D,A,H,-,A,A,0,Y,,,,Y,,N,60,0,1,0,0,1,0,0,0,0,"- ","- ",,,"CONTRA COSTA",RICHMOND,-122.33601115,37.934390720000003
8416516,2017,2017-07-31,0710,2017-03-08,0602,1242,SOUTH,3,5,5,0710,0,0,0,,0,001,"RICHMOND PKWY","W OHIO AV",30.00,S,N,B,-,N,,,,,,,,,,N,3,0,1,2,A,-,05,21202,A,N,D,G,A,A,H,-,B,A,0,,Y,,,Y,,L,04,0,1,0,0,0,0,1,0,0,"- ","- ",,,"CONTRA COSTA",RICHMOND,-122.37791,37.930810000000001
8417057,2017,2017-07-28,0710,2017-06-28,1552,1705,NORTH,3,5,5,0710,0,0,0,,0,008,"HILLTOP MALL RD","ROBERT H MILLER DR",132.00,E,N,A,-,N,,,,,,,,,,N,4,0,1,2,A,-,11,21954,A,N,B,B,D,A,-,-,-,D,0,Y,,,,Y,,N,60,0,0,1,0,1,0,0,0,0,"- ","- ",,,"CONTRA COSTA",RICHMOND,-122.33154327,37.978910579999997
8426336,2017,2017-08-22,0710,2017-05-31,0724,1586,,3,5,5,0710,0,0,0,,0,,"ROOSEVELT AV","20TH ST",0.00,,Y,A,-,N,,,,,,,,,,N,4,0,1,2,A,-,12,22450,A,F,-,B,B,-,H,-,A,A,0,Y,,,,Y,,A,01,0,0,1,0,1,0,0,0,0,"- ","- ",,,"CONTRA COSTA",RICHMOND,-122.35050987,37.939939889999998
8441694,2017,2017-09-15,0710,2017-07-12,2230,1726,0710,3,5,5,0710,0,0,0,,0,,"MC BRYDE AV","AMADOR ST",0.00,,-,A,-,N,,,,,,,,,,N,4,0,1,2,A,-,00,21456,2,N,-,G,A,A,H,-,C,A,0,,Y,,,Y,,L,04,0,0,1,0,0,0,1,0,0,"- ","- ",,,"CONTRA COSTA",RICHMOND,-122.32568990999999,37.948759979999998
8445298,2017,2017-09-15,0710,2017-07-01,1908,1727,0710,6,5,5,0710,0,0,0,,0,003,"CUTTING BL","45TH ST",200.00,E,N,A,-,N,,,,,,,,,,N,4,0,1,2,A,-,09,21804,A,N,A,G,A,A,H,-,A,D,0,,Y,,,Y,,L,04,0,0,1,0,0,0,1,0,0,"- ","- ",,,"CONTRA COSTA",RICHMOND,-122.32646643,37.925567520000001
8445520,2017,2017-09-07,0710,2017-05-29,2119,1559,CENTR,1,5,5,0710,0,0,0,,0,004,"13TH ST","HELLINGS AV",1.00,S,N,A,-,N,,,,,,,,,,N,4,0,2,3,A,-,00,20001,,F,G,B,E,A,H,-,C,D,0,Y,,,,Y,,-,,0,0,2,0,2,0,0,0,0,"- ","- ",,,"CONTRA COSTA",RICHMOND,-122.35729017,37.948117259999997
8465283,2017,2017-10-02,0710,2017-06-03,0946,1705,SOUTH,6,5,5,0710,0,0,0,,0,002,"CUTTING BL","S 16TH ST",0.00,,Y,A,-,N,,,,,,,,,,Y,1,1,0,2,A,-,10,21950,A,N,G,B,B,A,-,-,A,D,0,Y,,,,Y,,A,01,0,0,0,1,0,0,0,0,0,"- ","- ",,,"CONTRA COSTA",RICHMOND,-122.3539899,37.925209950000003
8465416,2017,2019-04-10,0710,2017-11-28,1729,1705,NORTH,2,5,5,0710,0,0,0,,0,007,"26TH ST","ANDRADE AV",92.00,S,N,A,-,N,,,,,,,,,,N,1,1,0,3,A,-,11,21954,A,N,G,B,E,A,H,-,D,A,0,Y,,,,Y,,N,60,0,0,0,1,0,0,0,0,0,"- ","- ",37.947659999999999,-122.34323999999999,"CONTRA COSTA",RICHMOND,-122.34314000000001,37.947517269999999
8465458,2017,2019-04-10,0710,2017-04-07,2222,1586,,5,5,5,0710,0,0,0,,0,,"BARRETT AV","18TH ST",377.00,W,N,C,E,N,,,,,,,,,,N,1,1,0,2,D,-,00,,,F,G,B,E,B,F,-,E,D,0,Y,,,,Y,Y,-,"- ",0,0,0,1,0,0,0,0,0,"- ","- ",,,"CONTRA COSTA",RICHMOND,-122.35378778,37.938400000000001
8465555,2018,2019-01-25,0710,2018-02-16,1955,1705,CENTR,5,5,5,0710,0,0,0,,0,005,"RICHMOND PKWY","W OHIO AV",908.00,N,N,A,-,N,,,,,,,,,,Y,1,1,0,2,A,-,11,21955,,N,G,B,E,A,H,-,C,D,0,Y,,,,Y,,N,60,0,0,0,1,0,0,0,0,0,"- ","- ",,,"CONTRA COSTA",RICHMOND,-122.37623596191406,37.932910919189453
8465858,2018,2019-06-14,0710,2018-11-25,1149,1705,SOUTH,7,5,5,0710,0,0,0,,0,002,"CUTTING BL","S 17TH ST",93.00,E,N,A,-,N,,,,,,,,,,N,1,1,0,2,A,-,01,23153,F,F,G,B,E,A,H,-,A,D,0,Y,,,,Y,,A,07,0,0,0,1,0,0,0,0,0,"- ","- ",,,"CONTRA COSTA",RICHMOND,-122.35270690917969,37.925205230712891
8465860,2018,2019-06-14,0710,2018-02-15,1955,1705,CENTR,4,5,5,0710,0,0,0,,0,005,"RICHMOND PKWY","W OHIO AV",908.00,N,N,A,-,N,,,,,,,,,,Y,1,1,0,2,A,-,11,21955,,N,G,B,E,A,H,-,C,D,0,Y,,,,Y,,N,60,0,0,0,1,0,0,0,0,0,"- ","- ",,,"CONTRA COSTA",RICHMOND,-122.37623596191406,37.932910919189453
8478081,2017,2017-11-27,0710,2017-09-27,1132,1705,NORTH,3,5,5,0710,0,0,0,,0,007,"MACDONALD AV","27TH ST",139.00,E,N,A,-,N,,,,,,,,,,N,2,0,1,4,A,-,11,21950,B,F,G,B,E,A,H,-,A,D,0,Y,,,,Y,,N,60,1,0,0,0,1,0,0,0,0,"- ","- ",,,"CONTRA COSTA",RICHMOND,-122.34246686,37.935026690000001
8482089,2017,2017-11-21,0710,2017-08-08,1604,1586,,2,5,5,0710,0,0,0,,0,,"MACDONALD AV","22ND ST",0.00,,Y,A,-,N,,,,,,,,,,N,3,0,1,2,A,-,10,21950,A,N,G,B,B,A,H,-,A,A,0,Y,,,,Y,,A,07,0,1,0,0,1,0,0,0,0,"- ","- ",,,"CONTRA COSTA",RICHMOND,-122.34857991,37.935739920000003
8483644,2017,2017-12-06,0710,2017-09-06,1700,1662,0710,3,5,5,0710,0,0,0,,0,003,"POTRERO AV","CARLSON BL",5.00,E,N,B,-,N,,,,,,,,,,N,3,0,1,2,A,-,09,21802,A,N,D,G,A,A,H,-,D,A,0,,Y,,,Y,Y,A,01,0,1,0,0,0,0,1,0,0,"- ","- ",,,"CONTRA COSTA",RICHMOND,-122.33296496,37.921386839999997
8501210,2017,2017-12-08,0710,2017-09-12,1358,1586,,2,5,5,0710,0,0,0,,0,,"CENTRAL AV","RYDIN RD",0.00,,Y,A,-,N,,,,,,,,,,N,3,0,1,2,A,-,12,22450,A,F,-,G,A,A,H,-,A,A,0,,Y,,,Y,,A,08,0,1,0,0,0,0,1,0,0,"- ","- ",,,"CONTRA COSTA",RICHMOND,-122.31670985,37.899689989999999
8502466,2017,2018-01-03,0710,2017-11-22,0623,1559,CENTR,3,5,5,0710,0,0,0,,0,004,"ROOSEVELT AV",23RD,40.00,W,N,A,-,N,,,,,,,,,,N,4,0,1,3,A,-,11,21954,A,N,G,B,D,A,H,-,B,D,0,Y,,,,Y,,N,60,0,0,1,0,1,0,0,0,0,"- ","- ",,,"CONTRA COSTA",RICHMOND,-122.34763875,37.939959999999999
8505539,2017,2017-12-01,0710,2017-10-02,1626,1730,CENRA,1,5,5,0710,0,0,0,,0,005,"HARBOUR WY","ROOSEVELT AVE",0.00,,Y,A,-,N,,,,,,,,,,N,4,0,1,2,A,-,12,21453,A,N,B,G,A,A,H,-,A,A,0,,Y,,,Y,,L,04,0,0,1,0,0,0,1,0,0,"- ","- ",,,"CONTRA COSTA",RICHMOND,-122.35998993,37.93994996
8510550,2017,2017-12-20,0710,2017-11-22,0756,1486,CENTR,3,5,5,0710,0,0,0,,0,006,"MACDONALD AV","16TH ST",0.00,,Y,A,F,N,,,,,,,,,,N,4,0,1,2,A,-,10,21950,A,N,G,B,B,A,H,-,A,A,0,Y,,,,Y,,-,,0,0,1,0,1,0,0,0,0,"- ","- ",,,"CONTRA COSTA",RICHMOND,-122.35422994,37.935709989999999
8517841,2017,2017-12-18,0710,2017-11-20,1824,1687,NORTH,1,5,5,0710,0,0,0,,0,008,"BLUME DR","RICHMOND PKWY",369.00,S,N,A,-,N,,,,,,,,,,N,2,0,1,2,A,-,11,21955,,N,G,B,D,A,H,-,C,D,0,Y,,,,Y,,N,60,1,0,0,0,1,0,0,0,0,"- ","- ",,,"CONTRA COSTA",RICHMOND,-122.317564,37.986016550000002
8517849,2017,2018-02-02,0710,2017-11-28,0631,1559,CENTR,2,5,5,0710,0,0,0,,0,004,"22ND ST","BARRETT AV",0.00,,Y,A,-,N,,,,,,,,,,N,3,0,2,3,A,-,10,21950,,N,G,B,B,A,H,-,B,A,0,Y,,,,Y,,-,,0,1,1,0,2,0,0,0,0,"- ","- ",,,"CONTRA COSTA",RICHMOND,-122.34855989,37.938459989999998
8517857,2017,2017-12-18,0710,2017-11-27,0632,1710,CENTR,1,5,5,0710,0,0,0,,0,004,"MACDONALD AV","21ST ST",0.00,,Y,A,-,N,,,,,,,,,,N,2,0,1,2,A,-,10,21950,,N,G,B,D,A,H,-,A,D,0,Y,,,,Y,,-,,1,0,0,0,1,0,0,0,0,"- ","- ",,,"CONTRA COSTA",RICHMOND,-122.34955988999999,37.935739959999999
8517932,2017,2017-12-14,0710,2017-10-26,0856,1380,CENTR,4,5,5,0710,0,0,0,,0,006,"15TH ST","NEVIN PLAZA",37.00,N,N,A,-,N,,,,,,,,,,N,4,0,1,2,A,-,21,22106,,N,G,B,D,A,H,-,A,D,0,Y,,,,Y,,A,08,0,0,1,0,1,0,0,0,0,"- ","- ",,,"CONTRA COSTA",RICHMOND,-122.3552227,37.936956049999999
8517944,2017,2017-12-14,0710,2017-10-31,0807,1380,CENTR,2,5,5,0710,0,0,0,,0,004,"RHEEM AV","20TH ST",0.00,,Y,A,-,N,,,,,,,,,,N,3,0,1,2,A,-,10,21950,A,F,G,B,B,A,H,-,B,D,0,Y,,,,Y,,A,01,0,1,0,0,1,0,0,0,0,"- ","- ",,,"CONTRA COSTA",RICHMOND,-122.35014,37.949579900000003
8517948,2017,2017-12-14,0710,2017-10-25,0036,1655,CENTR,3,5,5,0710,0,0,0,,0,006,"2ND ST","BISSELL AV",2.00,S,N,A,-,N,,,,,,,,,,N,4,0,1,2,A,-,09,21804,A,N,B,G,A,A,H,-,C,A,0,,Y,,,Y,Y,L,04,0,0,1,0,0,0,1,0,0,"- ","- ",,,"CONTRA COSTA",RICHMOND,-122.36765994,37.934054510000003
8521206,2017,2017-12-28,0710,2017-09-21,0825,1586,,4,5,5,0710,0,0,0,,0,,"VALLEY VIEW DR","TIERRA DR",25.00,N,N,A,-,N,,,,,,,,,,N,4,0,1,2,A,-,11,21954,A,N,G,B,D,A,H,-,A,D,0,Y,,,,Y,,N,60,0,0,1,0,1,0,0,0,0,"- ","- ",,,"CONTRA COSTA",RICHMOND,-122.28823205,37.971640069999999
8526977,2017,2018-01-16,0710,2017-12-17,1250,1384,CENTR,7,5,5,0710,0,0,0,,0,006,"NEVIN AV","5TH ST",0.00,,Y,A,-,N,,,,,,,,,,Y,4,0,1,2,A,-,05,21650,,N,A,B,D,A,H,-,A,D,0,Y,,,,Y,Y,-,,0,0,1,0,1,0,0,0,0,"- ","- ",,,"CONTRA COSTA",RICHMOND,-122.36468986,37.936839910000003
8529625,2017,2018-01-16,0710,2017-12-17,0931,1643,,7,5,5,0710,0,0,0,,0,006,"MARINA WY","MACDONALD AV",0.00,,Y,A,-,N,,,,,,,,,,N,4,0,1,2,A,-,10,21950,A,N,G,B,B,A,H,-,A,A,0,Y,,,,Y,,N,60,0,0,1,0,1,0,0,0,0,"- ","- ",,,"CONTRA COSTA",RICHMOND,-122.35619990000001,37.935699960000001
8549198,2017,2018-02-20,0710,2017-10-04,1809,1662,0710,3,5,5,0710,0,0,0,,0,003,"CENTRAL AV","PIERCE ST",0.00,,Y,A,-,N,,,,,,,,,,N,4,0,1,2,A,-,05,21650,,N,D,G,A,A,H,-,B,A,0,,Y,,,Y,,L,04,0,0,1,0,0,0,1,0,0,"- ","- ",,,"CONTRA COSTA",RICHMOND,-122.30983988,37.901079969999998
8561845,2018,2018-03-09,0710,2018-02-01,1052,1717,,4,5,5,0710,0,0,0,,0,,"MACDONALD AV","19TH ST",3.00,S,N,A,-,N,,,,,,,,,,N,4,0,1,2,A,-,09,21803,A,F,D,G,A,A,H,-,A,A,0,,Y,,,Y,Y,A,01,0,0,1,0,0,0,1,0,0,"- ","- ",,,"CONTRA COSTA",RICHMOND,-122.35160064697266,37.93572998046875
8565228,2018,2018-03-03,0710,2018-01-26,1847,1732,NORTH,5,5,5,0710,0,0,0,,0,008,"GARRITY WY","BLUME DR",160.00,E,N,A,-,N,,,,,,,,,,N,4,0,1,2,A,-,11,21954,A,N,G,B,C,A,H,-,C,D,0,Y,,,,Y,,N,60,0,0,1,0,1,0,0,0,0,"- ","- ",,,"CONTRA COSTA",RICHMOND,-122.32358551025391,37.978263854980469
8569286,2017,2018-03-19,0710,2017-10-05,1608,1662,0710,4,5,5,0710,0,0,0,,0,006,"BARRETT AV","HARBOR WY",0.00,,Y,A,-,N,,,,,,,,,,N,3,0,1,2,A,-,09,21801,A,F,G,B,B,A,H,-,A,A,0,Y,,,,Y,,A,01,0,1,0,0,1,0,0,0,0,"- ","- ",,,"CONTRA COSTA",RICHMOND,-122.36005986000001,37.938360000000003
8808467,2019,2019-08-30,0710,2019-04-19,0024,1705,,5,5,5,0710,0,0,0,,0,,"BARRETT AV","12TH ST",0.00,W,N,A,-,N,,,,,,,,,,N,1,1,0,2,A,-,11,21950,B,F,G,B,E,A,H,-,C,D,0,Y,,,,Y,Y,N,60,0,0,0,1,0,0,0,0,0,"- ","- ",,,"CONTRA COSTA",RICHMOND,-122.35806274414062,37.938499450683594
8828145,2018,2019-05-18,0710,2018-01-15,1224,1687,,1,5,5,0710,0,0,0,,0,007,"BARRETT AV","23RD ST",0.00,,Y,A,B,N,,,,,,,,,,N,4,0,1,2,A,-,10,21950,A,N,G,B,B,A,H,-,A,A,0,Y,,,,Y,,D,22,0,0,1,0,1,0,0,0,0,"- ","- ",,,"CONTRA COSTA",RICHMOND,-122.34752655029297,37.938438415527344