CASE_ID,ACCIDENT_YEAR,PROC_DATE,JURIS,COLLISION_DATE,COLLISION_TIME,OFFICER_ID,REPORTING_DISTRICT,DAY_OF_WEEK,CHP_SHIFT,POPULATION,CNTY_CITY_LOC,SPECIAL_COND,BEAT_TYPE,CHP_BEAT_TYPE,CITY_DIVISION_LAPD,CHP_BEAT_CLASS,BEAT_NUMBER,PRIMARY_RD,SECONDARY_RD,DISTANCE,DIRECTION,INTERSECTION,WEATHER_1,WEATHER_2,STATE_HWY_IND,CALTRANS_COUNTY,CALTRANS_DISTRICT,STATE_ROUTE,ROUTE_SUFFIX,POSTMILE_PREFIX,POSTMILE,LOCATION_TYPE,RAMP_INTERSECTION,SIDE_OF_HWY,TOW_AWAY,COLLISION_SEVERITY,NUMBER_KILLED,NUMBER_INJURED,PARTY_COUNT,PRIMARY_COLL_FACTOR,PCF_CODE_OF_VIOL,PCF_VIOL_CATEGORY,PCF_VIOLATION,PCF_VIOL_SUBSECTION,HIT_AND_RUN,TYPE_OF_COLLISION,MVIW,PED_ACTION,ROAD_SURFACE,ROAD_COND_1,ROAD_COND_2,LIGHTING,CONTROL_DEVICE,CHP_ROAD_TYPE,PEDESTRIAN_ACCIDENT,BICYCLE_ACCIDENT,MOTORCYCLE_ACCIDENT,TRUCK_ACCIDENT,NOT_PRIVATE_PROPERTY,ALCOHOL_INVOLVED,STWD_VEHTYPE_AT_FAULT,CHP_VEHTYPE_AT_FAULT,COUNT_SEVERE_INJ,COUNT_VISIBLE_INJ,COUNT_COMPLAINT_PAIN,COUNT_PED_KILLED,COUNT_PED_INJURED,COUNT_BICYCLIST_KILLED,COUNT_BICYCLIST_INJURED,COUNT_MC_KILLED,COUNT_MC_INJURED,PRIMARY_RAMP,SECONDARY_RAMP,LATITUDE,LONGITUDE,COUNTY,CITY,POINT_X,POINT_Y
8828750,2018,2019-05-07,0710,2018-03-24,2046,1730,NORTH,6,5,5,0710,0,0,0,,0,007,"CARLSON BL","BAYVIEW AV",200.00,N,N,C,-,N,,,,,,,,,,N,2,0,1,2,A,-,11,21954,A,N,G,B,D,B,H,-,C,D,0,Y,,,,Y,,N,60,1,0,0,0,1,0,0,0,0,"- ","- ",,,"CONTRA COSTA",RICHMOND,-122.32414245605469,37.914390563964844
8828903,2018,2019-05-07,0710,2018-03-19,1537,1607,SOUTH,1,5,5,0710,0,0,0,,0,003,"CARLSON BL","CUTTING BL",5.00,N,N,A,-,N,,,,,,,,,,N,3,0,1,2,A,-,10,21950,A,F,G,B,B,A,H,-,A,A,0,Y,,,,Y,,A,01,0,1,0,0,1,0,0,0,0,"- ","- ",37.924999237060547,-122.33799743652344,"CONTRA COSTA",RICHMOND,-122.338134765625,37.925220489501953
8828907,2018,2019-05-07,0710,2018-03-20,1309,1705,CENTR,2,5,5,0710,0,0,0,,0,006,"MACDONALD AV","2ND ST",0.00,,Y,B,C,N,,,,,,,,,,N,4,0,1,2,A,-,10,21950,A,F,G,B,B,B,H,-,A,A,0,Y,,,,Y,Y,A,01,0,0,1,0,1,0,0,0,0,"- ","- ",37.935001373291016,-122.36699676513672,"CONTRA COSTA",RICHMOND,-122.36766052246094,37.935718536376953
8829106,2018,2019-05-07,0710,2018-03-09,0555,1274,CENTR,5,5,5,0710,0,0,0,,0,006,"BARRETT AV","6TH ST",0.00,,Y,A,-,N,,,,,,,,,,N,4,0,1,2,A,-,10,21950,A,M,G,B,B,A,H,-,B,A,0,Y,,,,Y,,-,,0,0,1,0,1,0,0,0,0,"- ","- ",37.937999725341797,-122.36299896240234,"CONTRA COSTA",RICHMOND,-122.36334991455078,37.938358306884766
8829110,2018,2019-05-07,0710,2018-03-12,1520,1717,CENTR,1,5,5,0710,0,0,0,,0,005,"KELSEY ST","ALAMO AV",27.00,N,N,B,-,N,,,,,,,,,,N,2,0,2,2,A,-,11,21950,B,N,G,B,D,B,H,-,A,D,0,Y,,,,Y,,N,60,2,0,0,0,1,0,0,0,0,"- ","- ",37.952999114990234,-122.36399841308594,"CONTRA COSTA",RICHMOND,-122.36421203613281,37.953433990478516
8829114,2018,2019-05-07,0710,2018-03-12,1551,1380,CENTR,1,5,5,0710,0,0,0,,0,006,"MARINA WY","BISSELL AV",0.00,,Y,B,-,N,,,,,,,,,,N,4,0,1,2,A,-,10,21950,A,N,G,B,B,B,H,-,A,A,0,Y,,,,Y,,A,01,0,0,1,0,1,0,0,0,0,"- ","- ",,,"CONTRA COSTA",RICHMOND,-122.35617828369141,37.934070587158203
8831858,2018,2019-05-08,0710,2018-08-03,1830,1703,CENTR,5,5,5,0710,0,0,0,,0,006,"BISSELL AV","MARINA WAY",0.00,,Y,A,-,N,,,,,,,,,,N,4,0,1,2,A,-,10,21950,A,N,G,B,B,A,H,-,A,A,0,Y,,,,Y,,-,,0,0,1,0,1,0,0,0,0,"- ","- ",37.934009552001953,-122.35610961914062,"CONTRA COSTA",RICHMOND,-122.35617828369141,37.934070587158203
8831860,2018,2019-05-08,0710,2018-08-10,1048,1637,SOUTH,5,5,5,0710,0,0,0,,0,003,"JACUZZI ST","JACUZZI ST 3251",0.00,,N,A,-,N,,,,,,,,,,N,4,0,1,2,A,-,03,22350,,F,G,B,F,A,H,-,A,D,0,Y,,,,Y,,-,,0,0,1,0,1,0,0,0,0,"- ","- ",,,"CONTRA COSTA",RICHMOND,-122.310669,37.899838000000003
8833618,2018,2019-05-08,0710,2018-04-24,2127,1586,SOUTH,2,5,5,0710,0,0,0,,0,001,"OHIO AV","S 7TH ST",0.00,,Y,B,-,N,,,,,,,,,,N,3,0,1,2,A,-,09,21801,A,N,D,G,A,A,H,-,C,D,0,,Y,,,Y,Y,A,01,0,1,0,0,0,0,1,0,0,"- ","- ",,,"CONTRA COSTA",RICHMOND,-122.36299133300781,37.930820465087891
8833634,2018,2019-05-07,0710,2018-05-27,2130,1607,,7,5,5,0710,0,0,0,,0,,"CARLSON BL","21ST ST",0.00,,Y,A,-,N,,,,,,,,,,N,3,0,1,2,A,-,05,21650,1,F,A,G,A,A,A,B,D,D,0,,Y,Y,,Y,,C,02,0,1,0,0,0,0,1,0,0,"- ","- ",37.933460235595703,-122.34950256347656,"CONTRA COSTA",RICHMOND,-122.34957122802734,37.933601379394531
8833646,2018,2019-05-07,0710,2018-05-27,1925,1714,SOUTH,7,5,5,0710,0,0,0,,0,002,"S 23RD ST","OHIO AV",550.00,N,N,A,-,N,,,,,,,,,,N,3,0,1,2,A,-,17,21663,,F,A,G,A,A,H,-,A,D,0,,Y,Y,,Y,,C,02,0,1,0,0,0,0,1,0,0,"- ","- ",,,"CONTRA COSTA",RICHMOND,-122.34808349609375,37.932205200195312
8833671,2018,2019-05-23,0710,2018-02-16,2051,1662,SOUTH,5,5,5,0710,0,0,0,,0,002,"CUTTING BL","S 35TH ST",0.00,,Y,A,-,N,,,,,,,,,,N,3,0,1,2,A,-,10,21950,A,F,G,B,B,A,H,-,C,D,0,Y,,,,Y,,A,01,0,1,0,0,1,0,0,0,0,"- ","- ",,,"CONTRA COSTA",RICHMOND,-122.33609771728516,37.925281524658203
8833679,2018,2019-05-23,0710,2018-02-17,2320,1730,NORTH,6,5,5,0710,0,0,0,,0,007,"23RD ST","VISALIA AV",8.00,S,N,A,-,N,,,,,,,,,,N,4,0,1,2,A,-,10,21950,A,N,G,B,B,A,H,-,C,A,0,Y,,,,Y,,A,01,0,0,1,0,0,0,0,0,0,"- ","- ",37.946651458740234,-122.34757995605469,"CONTRA COSTA",RICHMOND,-122.34747314453125,37.946647644042969
8837769,2018,2019-05-08,0710,2018-02-02,1945,1662,CENTR,5,5,5,0710,0,0,0,,0,006,"ELM AV","7TH ST",128.00,E,N,A,-,N,,,,,,,,,,N,3,0,1,4,A,-,11,21950,B,N,G,B,D,A,H,-,C,D,0,Y,,,,Y,,N,60,0,1,0,0,1,0,0,0,0,"- ","- ",37.941108703613281,-122.36248779296875,"CONTRA COSTA",RICHMOND,-122.36229705810547,37.941059112548828
8837962,2018,2019-05-10,0710,2018-03-02,0856,1705,CENTR,5,5,5,0710,0,0,0,,0,004,"22ND ST","MACDONALD AV",8.00,S,N,B,-,N,,,,,,,,,,N,4,0,1,2,A,-,06,21750,A,N,D,G,A,B,H,-,A,A,0,,Y,,,Y,,L,04,0,0,1,0,0,0,1,0,0,"- ","- ",37.935550689697266,-122.34845733642578,"CONTRA COSTA",RICHMOND,-122.34857940673828,37.935718536376953
8838174,2018,2019-05-20,0710,2018-05-02,1505,1662,SOUTH,3,5,5,0710,0,0,0,,0,003,"CUTTING BL",RT80,5.00,S,N,A,-,Y,CC,4,80,-,-,2.150,R,4,W,N,4,0,1,2,A,-,08,22107,,N,G,B,B,A,H,-,A,A,0,Y,,,,Y,,A,07,0,0,1,0,1,0,0,0,0,"- ",WF,,,"CONTRA COSTA",RICHMOND,-122.32191467285156,37.926578521728516
8838182,2018,2019-05-16,0710,2018-06-10,1518,1426,NORTH,7,5,5,0710,0,0,0,,0,008,"ALTA MIRA DR","GROOM DR",0.00,N,N,A,-,N,,,,,,,,,,N,3,0,1,2,A,-,05,21650,1,N,D,G,A,A,H,-,A,D,0,,Y,,,Y,,L,04,0,1,0,0,0,0,1,0,0,"- ","- ",,,"CONTRA COSTA",RICHMOND,-122.326171875,37.974491119384766
8838404,2018,2019-05-08,0710,2018-02-01,1052,1321,,4,5,5,0710,0,0,0,,0,,"MACDONALD AV","19TH ST",3.00,S,N,A,-,N,,,,,,,,,,Y,4,0,1,2,A,-,09,21803,,F,D,G,A,A,H,-,A,-,0,,Y,,,Y,Y,-,,0,0,1,0,0,0,1,0,0,"- ","- ",37.935581207275391,-122.35144805908203,"CONTRA COSTA",RICHMOND,-122.35160064697266,37.93572998046875
8838406,2018,2019-05-08,0710,2018-04-12,1850,1740,CENTR,4,5,5,0710,0,0,0,,0,004,"21ST ST","ROOSEVELT AV",3.00,S,N,C,-,N,,,,,,,,,,N,4,0,1,2,A,-,10,21950,A,N,G,B,B,B,H,-,B,D,0,Y,,,,Y,,A,01,0,0,1,0,1,0,0,0,0,"- ","- ",37.939960479736328,-122.34980010986328,"CONTRA COSTA",RICHMOND,-122.34951782226562,37.93994140625
8838409,2018,2019-05-07,0710,2018-05-04,0925,1705,CENTR,5,5,5,0710,0,0,0,,0,005,"BARRETT AV","HARBOUR WY",8.00,W,N,A,-,N,,,,,,,,,,N,4,0,1,2,A,-,10,21950,A,N,-,B,B,A,H,-,A,A,0,Y,,,,Y,,A,01,0,0,1,0,1,0,0,0,0,"- ","- ",37.938430786132812,-122.35984039306641,"CONTRA COSTA",RICHMOND,-122.36008453369141,37.938358306884766
8838414,2018,2019-04-24,0710,2018-04-09,1053,1708,SOUTH,1,5,5,0710,0,0,0,,0,003,"CARLSON BL","IMPERIAL AV",282.00,S,N,A,-,N,,,,,,,,,,N,4,0,1,2,A,-,08,22107,,N,G,G,A,A,H,-,A,A,0,,Y,,,Y,,A,01,0,0,1,0,0,0,1,0,0,"- ","- ",37.911689758300781,-122.31884002685547,"CONTRA COSTA",RICHMOND,-122.31781768798828,37.911209106445312
8838417,2018,2019-05-08,0710,2018-05-07,1908,1740,CENTR,1,5,5,0710,0,0,0,,0,004,"BARRETT AV","19TH ST",3.00,W,N,A,-,N,,,,,,,,,,N,4,0,3,4,A,-,10,21950,A,N,G,B,B,A,H,-,B,A,0,Y,,,,Y,,A,01,0,0,3,0,3,0,0,0,0,"- ","- ",,,"CONTRA COSTA",RICHMOND,-122.35151672363281,37.938461303710938
8838421,2018,2019-05-08,0710,2018-05-09,1400,1733,CENTR,3,5,5,0710,0,0,0,,0,006,"MACDONALD AV","HARBOUR WY",5.00,E,N,A,-,N,,,,,,,,,,N,4,0,1,2,A,-,10,21950,A,N,G,B,B,A,H,-,A,A,0,Y,,,,Y,,A,07,0,0,1,0,1,0,0,0,0,"- ","- ",,,"CONTRA COSTA",RICHMOND,-122.35999298095703,37.935718536376953
8838437,2018,2019-06-24,0710,2018-05-11,2227,1733,SOUTH,5,5,5,0710,0,0,0,,0,001,"MARINA BAY PKWY","RT 580",40.00,N,N,A,-,Y,CC,4,580,-,R,3.071,R,4,E,N,3,0,1,2,A,-,11,21950,B,N,G,B,B,A,H,-,E,A,0,Y,,,,Y,Y,N,60,0,1,0,0,1,0,0,0,0,"- ","- ",,,"CONTRA COSTA",RICHMOND,-122.35130310058594,37.921680450439453
8838440,2018,2019-05-08,0710,2018-02-07,1030,1560,CENTA,3,5,5,0710,0,0,0,,0,006,"MACDONALD AV","16TH ST",7.00,E,N,A,-,N,,,,,,,,,,N,4,0,1,2,A,-,08,22107,,N,G,B,B,A,H,-,A,A,0,Y,,,,Y,,A,01,0,0,1,0,1,0,0,0,0,"- ","- ",37.935630798339844,-122.35411834716797,"CONTRA COSTA",RICHMOND,-122.35420227050781,37.935710906982422
8838449,2018,2019-05-08,0710,2018-05-21,1630,1624,SOUTH,1,5,5,0710,0,0,0,,0,001,"MARINA BAY PKWY","REGATTA BL",376.00,S,N,A,-,N,,,,,,,,,,N,4,0,1,3,A,-,06,21951,,N,G,B,C,A,H,-,A,D,0,Y,,,,Y,,A,01,0,0,1,0,1,0,0,0,0,"- ","- ",37.916110992431641,-122.34485626220703,"CONTRA COSTA",RICHMOND,-122.34463500976562,37.915019989013672
8838458,2018,2019-05-08,0710,2018-04-21,0800,1729,SOUTH,6,5,5,0710,0,0,0,,0,001,"OHIO AV","S 4TH ST",0.00,,Y,A,-,N,,,,,,,,,,N,3,0,1,2,A,-,05,21650,1,N,A,G,A,A,H,-,A,A,0,,Y,,,Y,,L,04,0,1,0,0,0,0,1,0,0,"- ","- ",,,"CONTRA COSTA",RICHMOND,-122.36593627929688,37.930820465087891
8838462,2018,2019-05-08,0710,2018-04-21,1406,1607,CENTR,6,5,5,0710,0,0,0,,0,004,"13TH ST","RHEEM AV",0.00,,Y,A,-,N,,,,,,,,,,N,3,0,1,2,A,-,11,21453,D,N,H,G,A,A,H,-,A,A,0,,Y,,,Y,,L,04,0,1,0,0,0,0,1,0,0,"- ","- ",,,"CONTRA COSTA",RICHMOND,-122.357177734375,37.949581146240234
8838464,2018,2019-05-07,0710,2018-02-09,1413,1705,NORTH,5,5,5,0710,0,0,0,,0,007,"SAN PABLO AV","MCBRYDE AV",30.00,S,N,A,-,N,,,,,,,,,,N,4,0,1,2,A,-,10,21950,A,N,G,B,B,A,H,-,A,A,0,Y,,,,Y,,A,01,0,0,1,0,1,0,0,0,0,"- ","- ",,,"CONTRA COSTA",RICHMOND,-122.33070373535156,37.9471435546875
8838470,2018,2019-05-08,0710,2018-04-22,2002,1742,SOUTH,7,5,5,0710,0,0,0,,0,003,"CUTTING BL","S 41ST ST",5.00,E,N,A,-,N,,,,,,,,,,N,4,0,2,3,A,-,08,22107,,F,B,G,B,A,H,-,A,A,0,Y,Y,,,Y,,-,,0,0,2,0,1,0,1,0,0,"- ","- ",,,"CONTRA COSTA",RICHMOND,-122.33061981201172,37.925529479980469
8838479,2018,2019-05-23,0710,2018-04-04,1143,1749,SOUTH,3,5,5,0710,0,0,0,,0,002,"S 23RD ST","CUTTING BL",0.00,,Y,A,-,N,,,,,,,,,,N,4,0,1,2,A,-,05,21202,A,N,H,G,A,A,H,-,A,A,0,,Y,,,Y,,L,04,0,0,1,0,0,0,1,0,0,"- ","- ",,,"CONTRA COSTA",RICHMOND,-122.34767150878906,37.925251007080078
8838492,2018,2019-05-07,0710,2018-06-01,1140,1732,NORTH,5,5,5,0710,0,0,0,,0,008,"HILLTOP MALL RD","HILLTOP MALL RD 2900",0.00,,N,A,-,N,,,,,,,,,,N,4,0,1,2,B,-,22,,,N,G,B,E,A,H,-,A,D,0,Y,,,,Y,,A,01,0,0,1,0,1,0,0,0,0,"- ","- ",,,"CONTRA COSTA",RICHMOND,-122.33144799999999,37.978848999999997
8838504,2018,2019-05-07,0710,2018-06-06,1149,1424,NORTH,3,5,5,0710,0,0,0,,0,007,"SAN PABLO AV","ESMOND AV",0.00,,Y,A,-,N,,,,,,,,,,N,4,0,1,2,A,-,05,21650,,N,D,G,A,-,H,-,A,A,0,,Y,,,Y,,L,04,0,0,1,0,0,0,1,0,0,"- ","- ",,,"CONTRA COSTA",RICHMOND,-122.32991790771484,37.945499420166016
8838536,2018,2019-05-16,0710,2018-06-16,1158,1726,NORTH,6,5,5,0710,0,0,0,,0,007,"RHEEM AV","23RD ST",16.00,W,N,A,-,N,,,,,,,,,,N,4,0,1,2,A,-,09,21801,A,N,G,B,B,A,H,-,A,A,0,Y,,,,Y,,A,01,0,0,1,0,1,0,0,0,0,"- ","- ",,,"CONTRA COSTA",RICHMOND,-122.34749603271484,37.949741363525391
8838929,2018,2019-05-23,0710,2018-01-28,0124,1662,SOUTH,7,5,5,0710,0,0,0,,0,001,"MARINA BAY PKWY","REGATTA BL",10.00,N,N,A,-,N,,,,,,,,,,Y,2,0,1,2,A,-,00,2800,A,F,G,B,E,A,H,-,C,A,0,Y,,,,Y,,A,01,1,0,0,0,1,0,0,0,0,"- ","- ",37.916110992431641,-122.34485626220703,"CONTRA COSTA",RICHMOND,-122.34469604492188,37.91607666015625
8839104,2018,2019-05-23,0710,2018-01-17,1743,1662,2,3,5,5,0710,0,0,0,,0,001,"POTRERO AV","S 52ND ST",0.00,,Y,B,-,N,,,,,,,,,,N,4,0,1,2,A,-,05,21650,1,F,D,G,A,A,H,-,C,A,0,,Y,,,Y,,L,04,0,0,1,0,0,0,1,0,0,"- ","- ",,,"CONTRA COSTA",RICHMOND,-122.32122039794922,37.9210205078125
8842880,2018,2019-05-16,0710,2018-07-29,1210,1745,NORTH,7,5,5,0710,0,0,0,,0,005,"NEVIN AV","21ST ST",0.00,,Y,A,-,N,,,,,,,,,,N,2,0,1,2,A,-,11,21950,B,F,G,B,E,A,-,-,A,D,0,Y,,,,Y,,N,60,1,0,0,0,1,0,0,0,0,"- ","- ",37.936710357666016,-122.34941101074219,"CONTRA COSTA",RICHMOND,-122.34954833984375,37.93682861328125
8842885,2018,2019-05-20,0710,2018-07-16,1313,1476,SOUTH,1,5,5,0710,0,0,0,,0,003,RT80,"CUTTING BL",0.00,,Y,A,-,Y,CC,4,80,-,-,2.150,R,1,W,N,4,0,1,2,A,-,09,21804,,N,G,G,A,A,H,-,A,A,0,,Y,,,Y,,A,07,0,0,1,0,0,0,1,0,0,WF,"- ",,,"CONTRA COSTA",RICHMOND,-122.32191467285156,37.926578521728516
8842889,2018,2019-09-12,0710,2018-07-22,0543,1742,SOUTH,7,5,5,0710,0,0,0,,0,003,"RT 580","CENTRAL AV",0.00,,Y,A,-,Y,CC,4,580,-,-,0.086,R,2,W,N,2,0,1,2,A,-,08,22107,,F,G,B,E,A,H,-,A,D,0,Y,,,,Y,,-,99,1,0,0,0,1,0,0,0,0,"- ","- ",,,"CONTRA COSTA",RICHMOND,-122.31263732910156,37.898471832275391
8842897,2018,2019-05-16,0710,2018-08-16,2025,1761,SOUTH,4,5,5,0710,0,0,0,,0,003,"49TH ST","CUTTING BL",0.00,,Y,A,-,N,,,,,,,,,,N,3,0,1,2,A,-,09,21804,A,F,D,G,A,A,H,-,B,A,0,,Y,,,Y,,L,04,0,1,0,0,0,0,1,0,0,"- ","- ",37.925621032714844,-122.32344055175781,"CONTRA COSTA",RICHMOND,-122.32357788085938,37.925548553466797
8843402,2018,2019-05-14,0710,2018-09-18,0341,1495,,2,5,5,0710,0,0,0,,0,,"RHEEM AV","29TH ST",0.00,,Y,A,-,N,,,,,,,,,,N,2,0,1,2,A,-,08,22107,,F,G,B,D,A,H,-,C,A,0,Y,,,,Y,Y,-,99,1,0,0,0,1,0,0,0,0,"- ","- ",,,"CONTRA COSTA",RICHMOND,-122.33879852294922,37.949848175048828
8843403,2018,2019-05-14,0710,2018-09-13,1640,1714,SOUTH,4,5,5,0710,0,0,0,,0,002,"MARINA WY S","CUTTING BL",100.00,N,N,A,-,N,,,,,,,,,,N,3,0,1,2,A,-,08,22107,,F,G,B,E,A,H,-,A,D,0,Y,,,,Y,Y,A,01,0,1,0,0,1,0,0,0,0,"- ","- ",37.925151824951172,-122.35601806640625,"CONTRA COSTA",RICHMOND,-122.35587310791016,37.92547607421875
8843409,2018,2019-05-14,0710,2018-09-11,1731,1537,NORTH,2,5,5,0710,0,0,0,,0,007,"23RD ST","WENDELL AV",0.00,,Y,A,-,N,,,,,,,,,,N,4,0,1,2,A,-,08,22107,,N,H,G,A,A,H,-,A,A,0,,Y,,,Y,,A,01,0,0,1,0,0,0,1,0,0,"- ","- ",37.945541381835938,-122.34761810302734,"CONTRA COSTA",RICHMOND,-122.34748077392578,37.945579528808594
8843410,2018,2019-05-14,0710,2018-09-22,2203,1692,NORTH,6,5,5,0710,0,0,0,,0,007,"23RD ST","MACDONALD AV",0.00,,Y,B,-,N,,,,,,,,,,N,4,0,2,3,A,-,10,21950,A,F,G,B,B,A,H,-,C,A,0,Y,,,,Y,,A,01,0,0,2,0,2,0,0,0,0,"- ","- ",37.935531616210938,-122.34742736816406,"CONTRA COSTA",RICHMOND,-122.34754943847656,37.93572998046875
8843411,2018,2019-05-14,0710,2018-09-13,1804,1709,NORTH,4,5,5,0710,0,0,0,,0,008,"MOYERS RD","PARKER RD",0.00,,Y,A,-,N,,,,,,,,,,N,4,0,1,2,A,-,12,22450,,N,D,G,A,A,H,-,A,A,0,,Y,,,Y,,L,04,0,0,1,0,0,0,1,0,0,"- ","- ",37.969379425048828,-122.32640075683594,"CONTRA COSTA",RICHMOND,-122.32655334472656,37.969459533691406
8843418,2018,2019-05-14,0710,2018-09-27,1700,1758,,4,5,5,0710,0,0,0,,0,,"SAN PABLO AV","GREEN ST",0.00,,Y,A,-,N,,,,,,,,,,Y,3,0,1,2,A,-,11,21954,A,N,G,B,D,A,H,-,A,A,0,Y,,,,Y,,N,60,0,1,0,0,1,0,0,0,0,"- ","- ",,,"CONTRA COSTA",RICHMOND,,
8843420,2018,2019-05-14,0710,2018-09-29,2030,1717,CENTR,6,5,5,0710,0,0,0,,0,006,"MACDONALD AV","16TH ST",0.00,,Y,A,-,N,,,,,,,,,,N,2,0,1,2,A,-,03,22350,,F,G,B,-,A,H,-,C,A,0,Y,,,,Y,,A,01,1,0,0,0,1,0,0,0,0,"- ","- ",37.935630798339844,-122.35411834716797,"CONTRA COSTA",RICHMOND,-122.35423278808594,37.935710906982422
8843447,2018,2019-05-08,0710,2018-07-11,1817,1733,CENTR,3,5,5,0710,0,0,0,,0,004,"NEVIN AV","23RD ST",37.00,E,N,A,-,N,,,,,,,,,,N,4,0,1,2,A,-,10,21952,,N,H,G,A,A,H,-,A,D,0,,Y,,,Y,,A,01,0,0,1,0,0,0,1,0,0,"- ","- ",,,"CONTRA COSTA",RICHMOND,-122.34741973876953,37.936843872070312
8843454,2018,2019-05-08,0710,2018-07-27,0642,1486,CENTR,5,5,5,0710,0,0,0,,0,004,"20TH ST","BARRETT AV",0.00,,Y,B,-,N,,,,,,,,,,N,4,0,1,2,A,-,10,21950,A,F,G,B,B,A,H,-,A,D,0,Y,,,,Y,,-,99,0,0,1,0,1,0,0,0,0,"- ","- ",37.938320159912109,-122.35034942626953,"CONTRA COSTA",RICHMOND,-122.35054779052734,37.938461303710938
8843455,2018,2019-05-08,0710,2018-07-10,1212,1744,SOUTH,2,5,5,0710,0,0,0,,0,003,"CARLSON BL","OHIO AV",0.00,,Y,A,-,N,,,,,,,,,,N,4,0,1,2,A,-,12,22450,A,F,G,G,A,A,H,-,A,A,0,,Y,,,Y,,A,01,0,0,1,0,0,0,1,0,0,"- ","- ",37.931098937988281,-122.34568023681641,"CONTRA COSTA",RICHMOND,-122.34586334228516,37.930900573730469
8843460,2018,2019-05-08,0710,2018-07-14,1540,1717,CENTR,6,5,5,0710,0,0,0,,0,004,"PENNSYLVANIA AV","16TH ST",85.00,W,N,A,-,N,,,,,,,,,,N,3,0,1,2,A,-,11,21950,B,N,G,B,D,A,H,-,A,A,0,Y,,,,Y,,N,60,0,1,0,0,1,0,0,0,0,"- ","- ",37.942161560058594,-122.35466766357422,"CONTRA COSTA",RICHMOND,-122.35495758056641,37.942081451416016
8846384,2018,2019-05-08,0710,2018-08-29,1830,1761,,3,5,5,0710,0,0,0,,0,,"16TH ST","PORTOLA AV",0.00,,Y,A,-,N,,,,,,,,,,N,4,0,1,2,A,-,21,22106,,F,G,B,D,A,H,-,A,D,0,Y,,,,Y,,A,01,0,0,1,0,1,0,0,0,0,"- ","- ",37.938648223876953,-122.35424041748047,"CONTRA COSTA",RICHMOND,-122.35453796386719,37.938861846923828
8846387,2018,2019-05-08,0710,2018-08-28,1908,1711,CENTR,2,5,5,0710,0,0,0,,0,006,"MACDONALD AV","2ND ST",8.00,W,N,A,-,N,,,,,,,,,,N,4,0,1,2,A,-,12,22450,A,N,G,B,B,A,H,-,A,D,0,Y,,,,Y,,A,01,0,0,1,0,1,0,0,0,0,"- ","- ",37.935829162597656,-122.36753845214844,"CONTRA COSTA",RICHMOND,-122.36769104003906,37.935718536376953
8846392,2018,2019-05-08,0710,2018-08-19,0133,1733,NORTH,7,5,5,0710,0,0,0,,0,007,"24TH ST","PREBLE AV",83.00,S,N,A,-,N,,,,,,,,,,N,3,0,1,2,A,-,03,22350,,N,G,B,E,A,H,-,C,D,0,Y,,,,Y,,A,08,0,1,0,0,1,0,0,0,0,"- ","- ",,,"CONTRA COSTA",RICHMOND,-122.34597778320312,37.937206268310547
8846396,2018,2019-05-08,0710,2018-08-15,2246,1740,SOUTH,3,5,5,0710,0,0,0,,0,003,"CUTTING BL","CARLSON BL",0.00,,Y,A,-,N,,,,,,,,,,N,2,0,1,2,A,-,11,21954,A,F,G,B,E,A,H,-,C,A,0,Y,,,,Y,,N,60,1,0,0,0,1,0,0,0,0,"- ","- ",37.925300598144531,-122.33804321289062,"CONTRA COSTA",RICHMOND,-122.33811950683594,37.925209045410156
8846400,2018,2019-05-08,0710,2018-08-14,1341,1740,CENTR,2,5,5,0710,0,0,0,,0,006,"MACDONALD AV","4TH ST",0.00,,Y,A,-,N,,,,,,,,,,N,4,0,1,2,A,-,05,21202,A,N,D,G,A,A,H,-,A,A,0,,Y,,,Y,,L,04,0,0,1,0,0,0,1,0,0,"- ","- ",37.935798645019531,-122.36553955078125,"CONTRA COSTA",RICHMOND,-122.36563873291016,37.935718536376953