CASE_ID,ACCIDENT_YEAR,PROC_DATE,JURIS,COLLISION_DATE,COLLISION_TIME,OFFICER_ID,REPORTING_DISTRICT,DAY_OF_WEEK,CHP_SHIFT,POPULATION,CNTY_CITY_LOC,SPECIAL_COND,BEAT_TYPE,CHP_BEAT_TYPE,CITY_DIVISION_LAPD,CHP_BEAT_CLASS,BEAT_NUMBER,PRIMARY_RD,SECONDARY_RD,DISTANCE,DIRECTION,INTERSECTION,WEATHER_1,WEATHER_2,STATE_HWY_IND,CALTRANS_COUNTY,CALTRANS_DISTRICT,STATE_ROUTE,ROUTE_SUFFIX,POSTMILE_PREFIX,POSTMILE,LOCATION_TYPE,RAMP_INTERSECTION,SIDE_OF_HWY,TOW_AWAY,COLLISION_SEVERITY,NUMBER_KILLED,NUMBER_INJURED,PARTY_COUNT,PRIMARY_COLL_FACTOR,PCF_CODE_OF_VIOL,PCF_VIOL_CATEGORY,PCF_VIOLATION,PCF_VIOL_SUBSECTION,HIT_AND_RUN,TYPE_OF_COLLISION,MVIW,PED_ACTION,ROAD_SURFACE,ROAD_COND_1,ROAD_COND_2,LIGHTING,CONTROL_DEVICE,CHP_ROAD_TYPE,PEDESTRIAN_ACCIDENT,BICYCLE_ACCIDENT,MOTORCYCLE_ACCIDENT,TRUCK_ACCIDENT,NOT_PRIVATE_PROPERTY,ALCOHOL_INVOLVED,STWD_VEHTYPE_AT_FAULT,CHP_VEHTYPE_AT_FAULT,COUNT_SEVERE_INJ,COUNT_VISIBLE_INJ,COUNT_COMPLAINT_PAIN,COUNT_PED_KILLED,COUNT_PED_INJURED,COUNT_BICYCLIST_KILLED,COUNT_BICYCLIST_INJURED,COUNT_MC_KILLED,COUNT_MC_INJURED,PRIMARY_RAMP,SECONDARY_RAMP,LATITUDE,LONGITUDE,COUNTY,CITY,POINT_X,POINT_Y
8853460,2018,2019-05-15,0710,2018-10-29,0505,1740,NORTH,1,5,5,0710,0,0,0,,0,008,"RICHMOND PKWY","ATLAS RD",0.00,,Y,A,-,N,,,,,,,,,,N,2,0,1,2,A,-,11,21950,B,N,G,B,B,A,H,-,A,A,0,Y,,,,Y,,N,60,1,0,0,0,1,0,0,0,0,"- ","- ",37.991081237792969,-122.33625793457031,"CONTRA COSTA",RICHMOND,-122.33629608154297,37.991111755371094
8853470,2018,2019-05-15,0710,2018-10-31,1949,1705,SOUTH,3,5,5,0710,0,0,0,,0,002,"CUTTING BL","22ND ST",0.00,,Y,A,-,N,,,,,,,,,,N,4,0,1,2,A,-,10,21950,A,N,G,B,B,A,H,-,C,A,0,Y,,,,Y,Y,A,01,0,0,1,0,1,0,0,0,0,"- ","- ",37.925010681152344,-122.34873199462891,"CONTRA COSTA",RICHMOND,-122.34857177734375,37.925201416015625
8853474,2018,2019-05-15,0710,2018-10-21,2100,1730,NORTH,7,5,5,0710,0,0,0,,0,007,"BARRETT AV","SAN PABLO AV",50.00,W,N,A,-,N,,,,,,,,,,N,2,0,1,2,A,-,11,21106,B,N,G,B,D,A,H,-,C,A,0,Y,,,,Y,,N,60,1,0,0,0,1,0,0,0,0,"- ","- ",,,"CONTRA COSTA",RICHMOND,-122.32523345947266,37.935348510742188
8853476,2018,2019-05-15,0710,2018-10-23,0211,1749,SOUTH,2,5,5,0710,0,0,0,,0,003,"CENTRAL AV","JACUZZI ST",105.00,W,N,A,-,N,,,,,,,,,,Y,4,0,1,2,A,-,11,21955,,N,G,B,D,A,H,-,C,A,0,Y,,,,Y,,N,60,0,0,1,0,1,0,0,0,0,"- ","- ",37.900810241699219,-122.31157684326172,"CONTRA COSTA",RICHMOND,-122.31183624267578,37.900554656982422
8853479,2018,2019-05-15,0710,2018-10-09,1751,1546,CENTR,2,5,5,0710,0,0,0,,0,004,"ROOSEVELT AV","18TH ST",0.00,,Y,A,-,N,,,,,,,,,,N,4,0,1,2,A,-,08,22107,,N,D,G,A,A,-,-,A,D,0,,Y,,,Y,,A,01,0,0,1,0,0,0,1,0,0,"- ","- ",37.939849853515625,-122.35225677490234,"CONTRA COSTA",RICHMOND,-122.35247039794922,37.939949035644531
8853480,2018,2019-05-15,0710,2018-10-14,1747,1637,NORTH,7,5,5,0710,0,0,0,,0,007,"27TH ST","MACDONALD AV",0.00,,Y,A,-,N,,,,,,,,,,N,3,0,1,2,A,-,10,21950,A,F,G,B,B,A,H,-,A,A,0,Y,,,,Y,,A,01,0,1,0,0,1,0,0,0,0,"- ","- ",37.935249328613281,-122.34268188476562,"CONTRA COSTA",RICHMOND,-122.34294128417969,37.935100555419922
8853482,2018,2019-05-15,0710,2018-10-17,1700,1764,SOUTH,3,5,5,0710,0,0,0,,0,003,"CARLSON BL","CUTTING BL",25.00,N,N,A,-,N,,,,,,,,,,N,4,0,1,2,A,-,11,21954,A,N,G,B,D,A,H,-,C,A,0,Y,,,,Y,,N,60,0,0,1,0,1,0,0,0,0,"- ","- ",37.925300598144531,-122.33804321289062,"CONTRA COSTA",RICHMOND,-122.33818054199219,37.925258636474609
8853587,2018,2019-05-17,0710,2018-11-01,1830,1760,CENTR,4,5,5,0710,0,0,0,,0,004,"23RD ST","BROOKS AV",0.00,,Y,A,-,N,,,,,,,,,,Y,2,0,1,2,A,-,08,22107,,F,G,B,D,A,H,-,B,D,0,Y,,,,Y,Y,D,22,1,0,0,0,1,0,0,0,0,"- ","- ",37.940761566162109,-122.34773254394531,"CONTRA COSTA",RICHMOND,-122.34748077392578,37.940769195556641
8891373,2018,2019-07-19,0710,2018-11-09,1252,1560,CENTR,5,5,5,0710,0,0,0,,0,006,"MACDONALD AV","MACDONALD AV 1190",30.00,N,N,A,-,N,,,,,,,,,,N,4,0,1,2,D,-,00,,,N,G,B,D,A,H,-,A,D,0,Y,,,,Y,Y,-,"- ",0,0,1,0,1,0,0,0,0,"- ","- ",,,"CONTRA COSTA",RICHMOND,,
8891375,2018,2019-07-19,0710,2018-11-24,1858,1730,NORTH,6,5,5,0710,0,0,0,,0,007,"28TH ST","GARVIN AV",0.00,,Y,A,-,N,,,,,,,,,,Y,4,0,1,2,A,-,12,22450,A,N,G,B,B,A,H,-,C,A,0,Y,,,,Y,,A,01,0,0,1,0,1,0,0,0,0,"- ","- ",,,"CONTRA COSTA",RICHMOND,-122.34091949462891,37.943660736083984
8891379,2018,2019-07-22,0710,2018-11-22,1938,1732,NORTH,4,5,5,0710,0,0,0,,0,008,"HILLTOP MALL RD","SHANE DR",430.00,N,N,C,-,N,,,,,,,,,,N,4,0,1,2,D,-,00,,,M,G,B,C,B,H,-,C,D,0,Y,,,,Y,,-,"- ",0,0,1,0,1,0,0,0,0,"- ","- ",37.978141784667969,-122.32894134521484,"CONTRA COSTA",RICHMOND,-122.32869720458984,37.978168487548828
8891383,2018,2019-07-19,0710,2018-11-13,1651,1496,SOUTH,2,5,5,0710,0,0,0,,0,003,"BAYVIEW AV","S 58TH ST",0.00,,Y,B,-,N,,,,,,,,,,N,3,0,1,2,A,-,11,21954,A,F,G,B,D,A,H,-,A,D,0,Y,,,,Y,Y,N,60,0,1,0,0,1,0,0,0,0,"- ","- ",37.915611267089844,-122.31465911865234,"CONTRA COSTA",RICHMOND,-122.31453704833984,37.915611267089844
8891384,2018,2019-07-19,0710,2018-11-18,2237,1714,SOUTH,7,5,5,0710,0,0,0,,0,002,"CUTTING BL","S 16TH ST",124.00,W,N,A,-,N,,,,,,,,,,N,2,0,1,2,A,-,11,21954,A,M,G,B,D,A,H,-,C,D,0,Y,,,,Y,Y,N,60,1,0,0,0,1,0,0,0,0,"- ","- ",,,"CONTRA COSTA",RICHMOND,-122.35442352294922,37.925205230712891
8891385,2018,2019-07-22,0710,2018-11-11,1100,1760,CENTR,7,5,5,0710,0,0,0,,0,004,"BARRETT AV","20TH ST",115.00,E,N,A,-,N,,,,,,,,,,N,4,0,1,3,A,-,11,21954,A,N,G,B,D,A,H,-,A,D,0,Y,,,,Y,,N,60,0,0,1,0,1,0,0,0,0,"- ","- ",37.938320159912109,-122.35034942626953,"CONTRA COSTA",RICHMOND,-122.35015106201172,37.938465118408203
8891392,2018,2019-07-19,0710,2018-12-17,1759,1752,CENTR,1,5,5,0710,0,0,0,,0,006,"BARRETT AV","1ST ST",102.00,E,N,A,B,N,,,,,,,,,,N,4,0,1,2,A,-,11,21953,,N,G,B,D,D,H,-,C,D,0,Y,,,,Y,,N,60,0,0,1,0,1,0,0,0,0,"- ","- ",,,"CONTRA COSTA",RICHMOND,-122.36832427978516,37.938430786132812
8891394,2018,2019-07-19,0710,2018-12-15,1231,1380,CENTR,6,5,5,0710,0,0,0,,0,005,"HARBOUR WY","BARRETT AV",160.00,N,N,A,-,N,,,,,,,,,,N,4,0,1,2,A,-,06,21750,A,N,D,G,A,A,H,-,A,D,0,,Y,,,Y,,L,04,0,0,1,0,0,0,1,0,0,"- ","- ",,,"CONTRA COSTA",RICHMOND,-122.36003875732422,37.938800811767578
8891406,2018,2019-07-19,0710,2018-12-26,1520,1477,NORTH,3,5,5,0710,0,0,0,,0,007,"RHEEM AV","23RD ST",0.00,,Y,A,-,N,,,,,,,,,,N,4,0,1,2,A,-,10,21950,A,N,G,B,B,A,H,-,A,A,0,Y,,,,Y,,A,01,0,0,1,0,1,0,0,0,0,"- ","- ",37.949741363525391,-122.34745788574219,"CONTRA COSTA",RICHMOND,-122.34745025634766,37.949760437011719
8891416,2018,2019-09-30,0710,2018-12-09,1506,1726,NORTH,7,5,5,0710,0,0,0,,0,007,"SAN PABLO AV","CLINTON AV",0.00,,Y,A,-,N,,,,,,,,,,N,4,0,1,2,A,-,10,21950,A,N,G,B,B,A,H,-,A,A,0,Y,,,,Y,,A,01,0,0,1,0,1,0,0,0,0,"- ","- ",37.940311431884766,-122.32774353027344,"CONTRA COSTA",RICHMOND,-122.32746124267578,37.940361022949219
8891421,2018,2019-07-19,0710,2018-11-16,1948,1300,SOUTH,5,5,5,0710,0,0,0,,0,003,"CARLSON BLVD","CUTTING BL",3.00,N,N,A,-,N,,,,,,,,,,N,4,0,1,2,A,-,08,22107,,N,G,B,B,A,H,-,C,A,0,Y,,,,Y,Y,D,22,0,0,1,0,1,0,0,0,0,"- ","- ",37.925300598144531,-122.33804321289062,"CONTRA COSTA",RICHMOND,-122.33812713623047,37.925216674804688
8891490,2018,2019-07-18,0710,2018-06-18,1156,1624,CENTR,1,5,5,0710,0,0,0,,0,004,"MACDONALD AV","22ND ST",10.00,E,N,A,-,N,,,,,,,,,,N,4,0,1,2,A,-,10,21950,A,F,G,B,B,A,H,-,A,A,0,Y,,,,Y,,A,01,0,0,1,0,1,0,0,0,0,"- ","- ",37.935550689697266,-122.34845733642578,"CONTRA COSTA",RICHMOND,-122.34854888916016,37.935741424560547
8891492,2018,2019-09-12,0710,2018-06-23,1331,1737,SOUTH,6,5,5,0710,0,0,0,,0,002,"MARINA BAY PKWY","RT 580",0.00,,Y,A,-,Y,CC,4,580,-,R,2.728,R,1,W,N,2,0,1,2,A,-,12,21453,A,N,D,G,A,A,H,-,A,A,0,,Y,,,Y,,L,04,1,0,0,0,0,0,1,0,0,"- ",WF,,,"CONTRA COSTA",RICHMOND,-122.34741200000001,37.923012999999997
8891550,2018,2019-07-23,0710,2018-12-15,0130,1557,CENTR,6,5,5,0710,0,0,0,,0,007,"MACDONALD AV","23RD ST",200.00,E,N,A,-,N,,,,,,,,,,Y,4,0,1,2,A,-,01,23152,B,F,-,B,E,-,H,-,C,A,0,Y,,,,Y,Y,A,01,0,0,1,0,1,0,0,0,0,"- ","- ",37.935531616210938,-122.34742736816406,"CONTRA COSTA",RICHMOND,-122.34686279296875,37.935646057128906
8891594,2018,2019-07-18,0710,2018-07-08,1400,1726,NORTH,7,5,5,0710,0,0,0,,0,007,"MCBRYDE AV","MCBRYDE AV 12890",0.00,,N,A,-,N,,,,,,,,,,N,4,0,1,2,A,-,08,22107,,N,G,B,F,A,H,-,A,D,0,Y,,,,Y,,A,01,0,0,1,0,1,0,0,0,0,"- ","- ",,,"CONTRA COSTA",RICHMOND,,
8891595,2018,2019-07-18,0710,2018-07-19,1142,1624,CENTR,4,5,5,0710,0,0,0,,0,005,"BARRETT AV","6TH ST",6.00,W,N,A,-,N,,,,,,,,,,N,4,0,1,2,A,-,10,21950,A,N,G,B,B,A,H,-,A,A,0,Y,,,,Y,,A,01,0,0,1,0,1,0,0,0,0,"- ","- ",37.938468933105469,-122.36312866210938,"CONTRA COSTA",RICHMOND,-122.36337280273438,37.938362121582031
8891600,2018,2019-07-18,0710,2018-06-08,2022,1717,CENTR,5,5,5,0710,0,0,0,,0,006,"BISSELL AV","5TH ST",50.00,W,N,A,-,N,,,,,,,,,,N,4,0,1,2,A,-,03,22350,,F,A,B,D,A,H,-,A,A,0,Y,,,,Y,Y,A,01,0,0,1,0,1,0,0,0,0,"- ","- ",37.934150695800781,-122.36463165283203,"CONTRA COSTA",RICHMOND,-122.36487579345703,37.934059143066406
8897041,2018,2019-07-18,0710,2018-07-13,1737,1711,SOUTH,5,5,5,0710,0,0,0,,0,003,"ELLS ST","GATELY AV",46.00,S,N,A,-,N,,,,,,,,,,N,3,0,1,2,A,-,09,21804,A,N,G,G,A,A,H,-,A,D,0,,Y,,,Y,,L,04,0,1,0,0,0,0,1,0,0,"- ","- ",37.916431427001953,-122.32260131835938,"CONTRA COSTA",RICHMOND,-122.32253265380859,37.916202545166016
8901081,2019,2019-07-29,0710,2019-06-12,1110,S1125,BAY,3,5,5,0710,0,0,0,,0,,"RUMRILL BL","SANFORD AV",196.00,S,N,A,-,N,,,,,,,,,,N,3,0,1,2,A,-,08,22107,,F,B,G,A,A,H,-,A,D,0,,Y,,,Y,,L,04,0,1,0,0,0,0,1,0,0,"- ","- ",,,"CONTRA COSTA",RICHMOND,-122.35712432861328,37.950473785400391
8904485,2019,2019-09-30,0710,2019-01-03,2016,1714,SOUTH,4,5,5,0710,0,0,0,,0,003,"HARTNETT AV","CARLSON BL",0.00,,Y,A,-,N,,,,,,,,,,N,4,0,1,2,A,-,10,21950,A,N,G,B,D,A,H,-,C,A,0,Y,,,,Y,,J,48,0,0,1,0,1,0,0,0,0,"- ","- ",,,"CONTRA COSTA",RICHMOND,-122.32695007324219,37.916820526123047
8911309,2020,2020-07-14,0710,2020-02-07,1701,1692,CENTR,5,5,5,0710,0,0,0,,0,004,"COALINGA AV","23RD ST",173.00,W,N,A,-,N,,,,,,,,,,N,1,1,0,2,A,-,11,21954,A,F,G,B,E,A,H,-,A,D,0,Y,,,,Y,,N,60,0,0,0,1,0,0,0,0,0,"- ","- ",37.947360992431641,-122.34754943847656,"CONTRA COSTA",RICHMOND,-122.34806060791016,37.947399139404297
8911865,2020,2020-12-04,0710,2020-08-20,1558,1705,,4,5,5,0710,0,0,0,,0,004,"23RD ST","BARRETT AV",506.00,N,N,A,-,N,,,,,,,,,,N,1,1,0,2,A,-,11,21950,B,F,G,B,D,A,H,-,A,A,0,Y,,,,Y,,N,60,0,0,0,1,0,0,0,0,0,"- ","- ",37.938411712646484,-122.34783172607422,"CONTRA COSTA",RICHMOND,-122.34751129150391,37.939830780029297
8921436,2019,2019-09-25,0710,2019-07-03,2243,1586,SOUTH,3,5,5,0710,0,0,0,,0,003,"CUTTING BL","49TH ST",54.00,W,N,B,-,N,,,,,,,,,,Y,2,0,2,6,A,-,01,23153,B,F,G,B,E,A,H,-,C,D,0,Y,,,,Y,Y,D,22,1,1,0,0,1,0,0,0,0,"- ","- ",,,"CONTRA COSTA",RICHMOND,-122.32376861572266,37.925548553466797
8922328,2019,2019-09-03,0710,2019-06-25,1618,1546,CENTR,2,5,5,0710,0,0,0,,0,004,"20TH ST","BARRETT AV",0.00,,Y,A,-,N,,,,,,,,,,N,4,0,1,2,A,-,12,22450,A,N,H,G,A,A,H,-,A,-,0,,Y,,,Y,,L,04,0,0,1,0,0,0,1,0,0,"- ","- ",37.938320159912109,-122.35034942626953,"CONTRA COSTA",RICHMOND,-122.35054779052734,37.938461303710938
8922335,2019,2019-08-30,0710,2019-05-28,1132,1380,SOUTH,2,5,5,0710,0,0,0,,0,001,"SANTA FE AV","DELFINO AV",0.00,,Y,A,-,N,,,,,,,,,,N,3,0,1,2,A,-,11,21954,A,N,G,B,D,A,H,-,A,D,0,Y,,,,Y,,N,60,0,1,0,0,1,0,0,0,0,"- ","- ",,,"CONTRA COSTA",RICHMOND,-122.38549041748047,37.927989959716797
8922340,2019,2019-09-03,0710,2019-06-26,1914,1380,NORTH,3,5,5,0710,0,0,0,,0,004,"NEVIN AV","MACDONALD AV",175.00,E,N,A,-,N,,,,,,,,,,Y,2,0,1,2,A,-,09,21804,,N,G,G,A,A,H,-,A,D,0,,Y,,,Y,,L,04,1,0,0,0,0,0,1,0,0,"- ","- ",,,"CONTRA COSTA",RICHMOND,,
8922346,2019,2019-08-30,0710,2019-05-12,1956,1730,NORTH,7,5,5,0710,0,0,0,,0,007,"MCBRYDE AV","WILSON AV",0.00,,Y,A,-,N,,,,,,,,,,N,4,0,1,2,A,-,09,21804,A,F,H,G,A,A,H,-,A,A,0,,Y,,,Y,,A,01,0,0,1,0,0,0,1,0,0,"- ","- ",,,"CONTRA COSTA",RICHMOND,-122.33161926269531,37.947059631347656
8922351,2019,2019-08-30,0710,2019-05-21,1645,1605,SOUTH,2,5,5,0710,0,0,0,,0,002,"MARINA WAY SOUTH","MAINE AV",0.00,,Y,A,-,N,,,,,,,,,,N,3,0,1,2,A,-,09,21800,A,N,H,G,A,A,H,-,A,A,0,,Y,,,Y,,A,01,0,1,0,0,0,0,1,0,0,"- ","- ",,,"CONTRA COSTA",RICHMOND,-122.35587310791016,37.927989959716797
8922354,2019,2019-08-30,0710,2019-05-12,1335,1707,CENTR,7,5,5,0710,0,0,0,,0,004,"23RD ST","DOWNER AV",90.00,N,N,A,-,N,,,,,,,,,,N,3,0,1,2,A,-,05,21202,A,N,H,G,A,A,H,-,A,D,0,,Y,,,Y,,L,04,0,1,0,0,0,0,1,0,0,"- ","- ",37.942909240722656,-122.34768676757812,"CONTRA COSTA",RICHMOND,-122.34748840332031,37.943206787109375
8922366,2019,2019-12-12,0710,2019-05-09,1720,1424,SOUTH,4,5,5,0710,0,0,0,,0,001,"MARINA BAY PKWY","RT 580",0.00,,Y,A,-,Y,CC,4,580,-,R,3.071,R,1,E,N,3,0,1,2,A,-,05,21650,1,N,H,G,A,A,H,-,A,A,0,,Y,,,Y,,L,04,0,1,0,0,0,0,1,0,0,"- ",EF,,,"CONTRA COSTA",RICHMOND,-122.35130310058594,37.921680450439453
8922375,2019,2019-08-30,0710,2019-05-17,1550,1707,CENTR,5,5,5,0710,0,0,0,,0,006,"MACDONALD AV","1ST ST",200.00,W,N,A,-,N,,,,,,,,,,N,4,0,1,2,A,-,05,21650,,M,G,B,F,A,H,-,A,D,0,Y,,,,Y,,-,,0,0,1,0,1,0,0,0,0,"- ","- ",37.935840606689453,-122.36853790283203,"CONTRA COSTA",RICHMOND,-122.36937713623047,37.935707092285156
8924283,2019,2019-09-10,0710,2019-03-06,1840,1426,CENTR,3,5,5,0710,0,0,0,,0,004,"23RD ST","MCBRYDE AV",0.00,,Y,C,-,N,,,,,,,,,,N,2,0,1,2,A,-,00,21954,,N,G,B,D,B,H,-,C,D,0,Y,,,,Y,,N,60,1,0,0,0,1,0,0,0,0,"- ","- ",37.946998596191406,-122.34755706787109,"CONTRA COSTA",RICHMOND,-122.34747314453125,37.947029113769531
8924293,2019,2019-09-23,0710,2019-03-21,1831,1745,NORTH,4,5,5,0710,0,0,0,,0,007,"MACDONALD AV","45TH ST",0.00,,N,B,-,N,,,,,,,,,,N,4,0,1,2,A,-,10,21950,A,M,G,B,-,A,H,-,A,D,0,Y,,,,Y,,-,99,0,0,1,0,1,0,0,0,0,"- ","- ",37.932788848876953,-122.3271484375,"CONTRA COSTA",RICHMOND,-122.32736206054688,37.932868957519531
8924314,2019,2019-09-10,0710,2019-01-02,1100,1745,CENTR,3,5,5,0710,0,0,0,,0,003,"CARLSON BL",BROADWAY,0.00,,Y,B,-,N,,,,,,,,,,N,4,0,1,2,A,-,10,21950,A,F,A,B,B,A,H,-,A,D,0,Y,,,,Y,,A,01,0,0,1,0,1,0,0,0,0,"- ","- ",37.931930541992188,-122.34747314453125,"CONTRA COSTA",RICHMOND,-122.34750366210938,37.932090759277344
8925087,2019,2019-09-10,0710,2019-04-16,1145,1380,SOUTH,2,5,5,0710,0,0,0,,0,001,"MARINA WY S","WRIGHT AV",0.00,,Y,A,-,N,,,,,,,,,,N,3,0,1,2,A,-,10,21950,A,N,G,B,B,A,H,-,A,A,0,Y,,,,Y,,D,22,0,1,0,0,1,0,0,0,0,"- ","- ",,,"CONTRA COSTA",RICHMOND,-122.35588836669922,37.921169281005859
8925123,2019,2019-08-28,0710,2019-03-31,1735,1754,SOUTH,7,5,5,0710,0,0,0,,0,001,"GARRARD BL","BUENA VISTA AV",25.00,N,N,A,-,N,,,,,,,,,,N,3,0,1,2,A,-,08,22107,,N,G,G,A,A,H,-,A,D,0,,Y,,,Y,,L,04,0,1,0,0,0,0,1,0,0,"- ","- ",,,"CONTRA COSTA",RICHMOND,-122.38405609130859,37.923984527587891
8925125,2019,2019-08-27,0710,2019-01-06,1646,1765,CENTR,7,5,5,0710,0,0,0,,0,005,"7TH ST","PENNSYLVANIA AV",154.00,S,N,B,C,N,,,,,,,,,,N,2,0,1,3,A,-,00,23103,,F,G,B,F,B,H,-,B,A,0,Y,,,,Y,Y,-,,1,0,0,0,1,0,0,0,0,"- ","- ",37.942779541015625,-122.36282348632812,"CONTRA COSTA",RICHMOND,-122.36258697509766,37.942157745361328
8925131,2019,2019-09-11,0710,2019-03-31,1320,1619,CENTR,7,5,5,0710,0,0,0,,0,004,"13TH ST","ESMOND AV",0.00,,Y,A,-,N,,,,,,,,,,N,3,0,1,2,A,-,08,22107,,N,C,G,A,A,H,-,A,D,0,,Y,,,Y,,-,"- ",0,1,0,0,0,0,1,0,0,"- ","- ",37.945369720458984,-122.35762023925781,"CONTRA COSTA",RICHMOND,-122.35746765136719,37.945278167724609
8925132,2019,2019-08-28,0710,2019-03-12,1320,1752,CENTR,2,5,5,0710,0,0,0,,0,006,"HARBOUR WY","NEVIN AV",0.00,,Y,A,-,N,,,,,,,,,,N,4,0,1,2,A,-,10,21950,A,F,G,B,B,A,H,-,C,A,0,Y,,,,Y,,A,01,0,0,1,0,1,0,0,0,0,"- ","- ",37.936851501464844,-122.35984802246094,"CONTRA COSTA",RICHMOND,-122.36003112792969,37.936820983886719
8925138,2019,2019-08-28,0710,2019-02-06,1011,1586,,3,5,5,0710,0,0,0,,0,004,"ROOSEVELT AV","18TH ST",0.00,,Y,A,-,N,,,,,,,,,,N,2,0,1,2,A,-,12,22450,A,N,D,G,A,A,H,-,A,A,0,,Y,,,Y,,L,04,1,0,0,0,0,0,1,0,0,"- ","- ",,,"CONTRA COSTA",RICHMOND,-122.35247039794922,37.939949035644531
8925145,2019,2019-08-27,0710,2019-01-11,1600,1305,SOUTH,5,5,5,0710,0,0,0,,0,002,"CUTTING BL","MARINA WY",0.00,,Y,B,C,N,,,,,,,,,,N,4,0,1,2,A,-,09,21800,A,F,H,G,A,B,H,-,A,A,0,,Y,,,Y,,A,01,0,0,1,0,0,0,1,0,0,"- ","- ",,,"CONTRA COSTA",RICHMOND,-122.35587310791016,37.925201416015625
8925150,2019,2019-08-28,0710,2019-02-08,1950,1730,NORTH,5,5,5,0710,0,0,0,,0,007,"MACDONALD AV","24TH ST",150.00,E,N,A,-,N,,,,,,,,,,N,4,0,1,2,A,-,11,21955,,N,G,B,D,A,H,-,C,A,0,Y,,,,Y,Y,N,60,0,0,1,0,1,0,0,0,0,"- ","- ",,,"CONTRA COSTA",RICHMOND,-122.3458251953125,37.935504913330078
8925154,2019,2019-08-28,0710,2019-02-09,1813,1733,NORTH,6,5,5,0710,0,0,0,,0,008,"HILLTOP MALL RD","KLOSE WY",70.00,N,N,C,-,N,,,,,,,,,,N,4,0,1,2,A,-,11,21954,A,N,G,B,D,B,H,-,B,D,0,Y,,,,Y,,N,60,0,0,1,0,1,0,0,0,0,"- ","- ",,,"CONTRA COSTA",RICHMOND,-122.32471466064453,37.981960296630859
8925158,2019,2019-08-28,0710,2019-02-11,1254,1754,TRAFF,1,5,5,0710,0,0,0,,0,001,"MARINA BAY PKWY","COMMODORE DR",303.00,N,N,A,-,N,,,,,,,,,,N,4,0,1,2,A,-,10,21950,A,N,G,B,C,A,H,-,A,D,0,Y,,,,Y,,A,01,0,0,1,0,1,0,0,0,0,"- ","- ",,,"CONTRA COSTA",RICHMOND,-122.34454345703125,37.914619445800781
8925166,2019,2019-08-28,0710,2019-02-13,0748,1754,SOUTH,3,5,5,0710,0,0,0,,0,003,"CUTTING BL","BERK AV",20.00,W,N,C,-,N,,,,,,,,,,N,3,0,1,2,A,-,11,21950,B,N,G,B,D,B,H,-,A,D,0,Y,,,,Y,,N,60,0,1,0,0,1,0,0,0,0,"- ","- ",37.925430297851562,-122.33170318603516,"CONTRA COSTA",RICHMOND,-122.33175659179688,37.925487518310547
8925167,2019,2019-08-28,0710,2019-03-22,1900,1546,CENTR,5,5,5,0710,0,0,0,,0,004,"MACDONALD AV","21ST ST",0.00,,Y,A,-,N,,,,,,,,,,N,4,0,1,2,A,-,10,21950,,N,B,B,B,A,-,-,A,D,0,Y,,,,Y,,A,01,0,0,1,0,1,0,0,0,0,"- ","- ",37.935558319091797,-122.34942626953125,"CONTRA COSTA",RICHMOND,-122.34956359863281,37.935741424560547
8925169,2019,2019-09-12,0710,2019-01-23,0851,1476,SOUTH,3,5,5,0710,0,0,0,,0,003,"CUTTING BL","49TH ST",20.00,N,N,A,-,N,,,,,,,,,,N,4,0,1,2,A,-,10,21950,A,N,G,B,B,A,H,-,A,A,0,Y,,,,Y,,A,01,0,0,1,0,1,0,0,0,0,"- ","- ",,,"CONTRA COSTA",RICHMOND,-122.32357788085938,37.925548553466797
8925179,2019,2019-08-28,0710,2019-03-20,0826,1483,NORTH,3,5,5,0710,0,0,0,,0,007,"RHEEM AV","26TH ST",0.00,,Y,C,-,N,,,,,,,,,,N,4,0,1,2,A,-,10,21950,A,M,G,B,D,B,H,-,A,D,0,Y,,,,Y,,A,07,0,0,1,0,1,0,0,0,0,"- ","- ",37.949729919433594,-122.34319305419922,"CONTRA COSTA",RICHMOND,-122.34314727783203,37.949840545654297