CASE_ID,ACCIDENT_YEAR,PROC_DATE,JURIS,COLLISION_DATE,COLLISION_TIME,OFFICER_ID,REPORTING_DISTRICT,DAY_OF_WEEK,CHP_SHIFT,POPULATION,CNTY_CITY_LOC,SPECIAL_COND,BEAT_TYPE,CHP_BEAT_TYPE,CITY_DIVISION_LAPD,CHP_BEAT_CLASS,BEAT_NUMBER,PRIMARY_RD,SECONDARY_RD,DISTANCE,DIRECTION,INTERSECTION,WEATHER_1,WEATHER_2,STATE_HWY_IND,CALTRANS_COUNTY,CALTRANS_DISTRICT,STATE_ROUTE,ROUTE_SUFFIX,POSTMILE_PREFIX,POSTMILE,LOCATION_TYPE,RAMP_INTERSECTION,SIDE_OF_HWY,TOW_AWAY,COLLISION_SEVERITY,NUMBER_KILLED,NUMBER_INJURED,PARTY_COUNT,PRIMARY_COLL_FACTOR,PCF_CODE_OF_VIOL,PCF_VIOL_CATEGORY,PCF_VIOLATION,PCF_VIOL_SUBSECTION,HIT_AND_RUN,TYPE_OF_COLLISION,MVIW,PED_ACTION,ROAD_SURFACE,ROAD_COND_1,ROAD_COND_2,LIGHTING,CONTROL_DEVICE,CHP_ROAD_TYPE,PEDESTRIAN_ACCIDENT,BICYCLE_ACCIDENT,MOTORCYCLE_ACCIDENT,TRUCK_ACCIDENT,NOT_PRIVATE_PROPERTY,ALCOHOL_INVOLVED,STWD_VEHTYPE_AT_FAULT,CHP_VEHTYPE_AT_FAULT,COUNT_SEVERE_INJ,COUNT_VISIBLE_INJ,COUNT_COMPLAINT_PAIN,COUNT_PED_KILLED,COUNT_PED_INJURED,COUNT_BICYCLIST_KILLED,COUNT_BICYCLIST_INJURED,COUNT_MC_KILLED,COUNT_MC_INJURED,PRIMARY_RAMP,SECONDARY_RAMP,LATITUDE,LONGITUDE,COUNTY,CITY,POINT_X,POINT_Y
8925187,2019,2019-09-10,0710,2019-03-19,0901,1586,,2,5,5,0710,0,0,0,,0,007,"MACDONALD AV","34TH ST",0.00,,Y,A,-,N,,,,,,,,,,N,3,0,1,2,A,-,11,21461,5,N,G,B,E,A,H,-,A,A,0,Y,,,,Y,,N,60,0,1,0,0,1,0,0,0,0,"- ","- ",,,"CONTRA COSTA",RICHMOND,-122.33695983886719,37.934238433837891
8925191,2019,2019-08-28,0710,2019-03-18,1915,1747,SOUTH,1,5,5,0710,0,0,0,,0,001,"2ND ST","MAINE AV",0.00,,Y,A,-,N,,,,,,,,,,N,3,0,1,2,A,-,12,22450,A,N,D,G,A,A,H,-,B,D,0,,Y,,,Y,,L,04,0,1,0,0,0,0,1,0,0,"- ","- ",,,"CONTRA COSTA",RICHMOND,-122.36795043945312,37.928050994873047
8925197,2019,2019-08-27,0710,2019-02-26,1831,1494,NORTH,2,5,5,0710,0,0,0,,0,009,"PARK CENTRAL AV","HILLTOP DR",80.00,N,N,C,-,N,,,,,,,,,,N,3,0,1,2,A,-,11,21954,A,N,G,B,D,B,H,-,C,D,0,Y,,,,Y,,N,60,0,1,0,0,1,0,0,0,0,"- ","- ",,,"CONTRA COSTA",RICHMOND,-122.31358337402344,37.976463317871094
8925198,2019,2019-09-11,0710,2019-02-26,1229,1760,CENTR,2,5,5,0710,0,0,0,,0,006,"MACDONALD AV","12TH ST",0.00,,Y,B,-,N,,,,,,,,,,N,3,0,1,2,A,-,11,21954,A,N,G,B,B,B,H,-,A,A,0,Y,,,,Y,,A,01,0,1,0,0,1,0,0,0,0,"- ","- ",37.935680389404297,-122.35794067382812,"CONTRA COSTA",RICHMOND,-122.35807800292969,37.935699462890625
8925684,2019,2019-09-09,0710,2019-07-31,1430,1655,CENTR,3,5,5,0710,0,0,0,,0,005,"RICHMOND PKWY","GERTRUDE AV",180.00,S,N,A,-,N,,,,,,,,,,N,3,0,1,2,A,-,08,22107,,F,B,G,A,A,H,-,A,D,0,,Y,,,Y,Y,L,04,0,1,0,0,0,0,1,0,0,"- ","- ",37.954078674316406,-122.37358093261719,"CONTRA COSTA",RICHMOND,-122.37361145019531,37.953567504882812
8925736,2019,2019-09-09,0710,2019-07-17,1914,1605,CENTR,3,5,5,0710,0,0,0,,0,004,"MACDONALD AV","21ST ST",0.00,,Y,A,-,N,,,,,,,,,,N,2,0,1,2,A,-,03,22350,,N,G,B,B,A,H,-,A,A,0,Y,,,,Y,,A,01,1,0,0,0,1,0,0,0,0,"- ","- ",,,"CONTRA COSTA",RICHMOND,-122.34956359863281,37.935741424560547
8925752,2019,2019-09-09,0710,2019-07-15,1339,1662,NORTH,1,5,5,0710,0,0,0,,0,007,"BARRETT AV","33RD ST",0.00,,Y,A,-,N,,,,,,,,,,N,2,0,1,2,A,-,10,21950,A,N,G,B,B,A,H,-,A,D,0,Y,,,,Y,,A,01,1,0,0,0,1,0,0,0,0,"- ","- ",37.937110900878906,-122.33689117431641,"CONTRA COSTA",RICHMOND,-122.33719635009766,37.937061309814453
8925781,2019,2019-09-06,0710,2019-07-10,2118,1343,NORTH,3,5,5,0710,0,0,0,,0,007,"GARVIN AV","24TH ST",0.00,,Y,A,-,N,,,,,,,,,,N,3,0,1,2,A,-,05,21650,1,N,D,G,A,A,H,-,C,A,0,,Y,,,Y,,L,04,0,1,0,0,0,0,1,0,0,"- ","- ",37.943550109863281,-122.34562683105469,"CONTRA COSTA",RICHMOND,-122.34544372558594,37.943649291992188
8925785,2019,2019-09-06,0710,2019-07-06,0011,1729,SOUTH,6,5,5,0710,0,0,0,,0,003,"CENTRAL AV","RYDIN AV",0.00,,Y,A,-,N,,,,,,,,,,N,4,0,1,2,A,-,03,22350,,M,H,G,A,A,H,-,-,A,0,,Y,,,Y,Y,A,01,0,0,1,0,0,0,1,0,0,"- ","- ",,,"CONTRA COSTA",RICHMOND,-122.31671142578125,37.899688720703125
8925801,2019,2019-09-06,0710,2019-07-03,2253,1741,NORTH,3,5,5,0710,0,0,0,,0,007,"MURDOCK ST","CHANSLOR AV",0.00,,Y,A,-,N,,,,,,,,,,N,4,0,1,2,A,-,11,21956,,N,G,B,E,A,H,-,C,D,0,Y,,,,Y,,N,60,0,0,1,0,1,0,0,0,0,"- ","- ",37.931739807128906,-122.34596252441406,"CONTRA COSTA",RICHMOND,-122.34600830078125,37.931961059570312
8927851,2019,2019-09-13,0710,2019-04-25,0822,1760,NORTH,4,5,5,0710,0,0,0,,0,007,"DOWNER AV","24TH ST",0.00,,Y,A,-,N,,,,,,,,,,N,4,0,1,2,A,-,10,21950,A,N,G,B,D,A,H,-,A,D,0,Y,,,,Y,,A,01,0,0,1,0,1,0,0,0,0,"- ","- ",37.942890167236328,-122.34564208984375,"CONTRA COSTA",RICHMOND,-122.34571075439453,37.942958831787109
8927852,2019,2019-08-29,0710,2019-04-10,2057,1756,NORTH,3,5,5,0710,0,0,0,,0,008,"HILLTOP DR","MOYERS RD",91.00,N,N,A,-,N,,,,,,,,,,N,3,0,1,2,A,-,11,21954,A,N,G,B,D,A,H,-,D,D,0,Y,,,,Y,,N,60,0,1,0,0,1,0,0,0,0,"- ","- ",37.976669311523438,-122.32234954833984,"CONTRA COSTA",RICHMOND,-122.32292175292969,37.976879119873047
8927864,2019,2019-08-29,0710,2019-04-12,1100,1655,CENTR,5,5,5,0710,0,0,0,,0,005,"FRED JACKSON WY","SANFORD AV",45.00,N,N,A,-,N,,,,,,,,,,N,4,0,1,2,A,-,08,22107,,N,H,G,A,A,H,-,A,D,0,,Y,,,Y,Y,L,04,0,0,1,0,0,0,1,0,0,"- ","- ",,,"CONTRA COSTA",RICHMOND,-122.36691284179688,37.952083587646484
8927891,2019,2019-08-29,0710,2019-04-19,1541,1714,SOUTH,5,5,5,0710,0,0,0,,0,003,"SOUTH ST","STEGE AV",4.00,E,N,A,-,N,,,,,,,,,,N,4,0,1,2,A,-,08,22107,,N,A,G,A,A,H,-,A,D,0,,Y,,,Y,,L,04,0,0,1,0,0,0,1,0,0,"- ","- ",,,"CONTRA COSTA",RICHMOND,-122.33839416503906,37.926387786865234
8927899,2019,2019-08-29,0710,2019-04-17,2030,1756,NORTH,3,5,5,0710,0,0,0,,0,007,"30TH ST","CLINTON AV",0.00,,Y,A,-,N,,,,,,,,,,N,3,0,2,2,A,-,12,22450,A,N,G,B,B,A,G,-,D,A,0,Y,Y,,,Y,,L,04,0,1,1,0,1,0,1,0,0,"- ","- ",37.942378997802734,-122.33885192871094,"CONTRA COSTA",RICHMOND,-122.33860778808594,37.942268371582031
8939665,2019,2020-03-18,0710,2019-12-28,1235,1549,,6,5,5,0710,0,0,0,,0,001,"BIKE TRL","STANDARD LN",416.00,N,N,A,-,N,,,,,,,,,,N,1,1,0,1,A,-,03,22350,,N,H,G,A,A,H,-,A,D,0,,Y,,,Y,,L,04,0,0,0,0,0,1,0,0,0,"- ","- ",,,"CONTRA COSTA",RICHMOND,,
8955691,2019,2019-10-18,0710,2019-08-02,1030,1765,CENTR,5,5,5,0710,0,0,0,,0,007,"SAN PABLO AV","ROOSEVELT AV",0.00,,Y,A,-,N,,,,,,,,,,N,3,0,1,2,A,-,08,22101,D,N,B,G,A,-,H,-,A,A,0,,Y,,,Y,,L,04,0,1,0,0,0,0,1,0,0,"- ","- ",37.936851501464844,-122.32550811767578,"CONTRA COSTA",RICHMOND,-122.32582855224609,37.936969757080078
8955731,2019,2019-10-17,0710,2019-08-15,2045,1224,SOUTH,4,5,5,0710,0,0,0,,0,002,"SOUTH 23RD ST","VIRGINIA AV",120.00,N,N,A,-,N,,,,,,,,,,N,3,0,1,2,A,-,11,21954,A,N,G,B,D,A,H,-,C,D,0,Y,,,,Y,,N,60,0,1,0,0,1,0,0,0,0,"- ","- ",,,"CONTRA COSTA",RICHMOND,-122.34767913818359,37.92694091796875
8955743,2019,2019-10-17,0710,2019-08-20,1043,1655,CENTR,2,5,5,0710,0,0,0,,0,004,"BARRETT AV","22ND ST",0.00,,Y,A,-,N,,,,,,,,,,N,4,0,1,2,A,-,12,21453,A,N,B,G,A,A,H,-,A,A,0,,Y,,,Y,Y,L,04,0,0,1,0,0,0,1,0,0,"- ","- ",37.938289642333984,-122.34835815429688,"CONTRA COSTA",RICHMOND,-122.34855651855469,37.938461303710938
8961169,2018,2020-01-06,0710,2018-10-16,1615,1764,SOUTH,2,5,5,0710,0,0,0,,0,003,"RT 80","CENTRAL AV",0.00,,Y,A,-,Y,CC,4,80,-,-,0.101,R,4,E,N,4,0,1,2,A,-,12,21453,A,M,D,G,A,A,H,-,A,A,0,,Y,,,Y,Y,-,,0,0,1,0,0,0,1,0,0,EF,"- ",,,"CONTRA COSTA",RICHMOND,-122.30974578857422,37.899269104003906
8961235,2018,2019-12-11,0710,2018-10-10,0630,1760,,3,5,5,0710,0,0,0,,0,,"BARRETT AV","19TH ST",0.00,,Y,A,-,N,,,,,,,,,,N,3,0,1,2,A,-,"- ",,,M,G,B,D,A,H,-,A,D,0,Y,,,,Y,,-,,0,1,0,0,1,0,0,0,0,"- ","- ",37.938331604003906,-122.35131072998047,"CONTRA COSTA",RICHMOND,-122.35150909423828,37.938461303710938
8975135,2019,2020-02-18,0710,2019-09-17,1930,1426,NORTH,2,5,5,0710,0,0,0,,0,008,"WILLIAMS DR","DON WY",300.00,W,N,A,-,N,,,,,,,,,,N,3,0,1,2,A,-,11,21954,A,N,H,B,E,A,H,-,C,D,0,Y,Y,,,Y,,N,60,0,1,0,0,1,0,0,0,0,"- ","- ",,,"CONTRA COSTA",RICHMOND,-122.35502624511719,37.983421325683594
8975310,2019,2020-01-10,0710,2019-09-18,0800,1377,SOUTH,3,5,5,0710,0,0,0,,0,001,"MARINA BAY PKWY","RT 580",0.00,,Y,B,-,Y,CC,4,580,-,R,2.728,R,4,W,N,3,0,1,2,A,-,08,22107,,F,G,B,F,A,H,-,A,A,0,Y,,,,Y,,A,01,0,1,0,0,1,0,0,0,0,"- ",WF,37.923248291015625,-122.34764099121094,"CONTRA COSTA",RICHMOND,-122.345458984375,37.921878814697266
8977564,2019,2019-11-19,0710,2019-09-09,0630,1717,CENTR,1,5,5,0710,0,0,0,,0,004,"BARRETT AV","19TH ST",3.00,W,N,A,-,N,,,,,,,,,,N,4,0,1,2,D,-,00,,,N,B,B,-,A,H,-,B,A,0,Y,,,,Y,,-,"- ",0,0,1,0,1,0,0,0,0,"- ","- ",37.938331604003906,-122.35131072998047,"CONTRA COSTA",RICHMOND,-122.35151672363281,37.938461303710938
8977579,2019,2020-02-07,0710,2019-09-02,1259,1687,SOUTH,1,5,5,0710,0,0,0,,0,003,"CUTTING BL","RT 80",0.00,,Y,A,-,Y,CC,4,80,-,-,2.150,R,1,W,N,4,0,1,2,D,-,00,,,N,G,B,B,A,H,-,A,A,0,Y,,,,Y,,-,"- ",0,0,1,0,1,0,0,0,0,"- ",WF,,,"CONTRA COSTA",RICHMOND,-122.32191467285156,37.926578521728516
8977580,2019,2019-11-19,0710,2019-09-17,0758,1705,,2,5,5,0710,0,0,0,,0,,"CUTTING BL","HOFFMAN BL",0.00,,Y,A,-,N,,,,,,,,,,N,2,0,1,2,-,-,"- ",,,N,D,G,A,A,H,-,A,A,0,,Y,,,Y,,-,"- ",1,0,0,0,0,0,1,0,0,"- ","- ",37.925319671630859,-122.36427307128906,"CONTRA COSTA",RICHMOND,-122.36411285400391,37.925239562988281
8977599,2019,2019-11-19,0710,2019-09-08,0851,1765,NORTH,7,5,5,0710,0,0,0,,0,008,"RICHMOND PKWY","RICHMOND PKWY 3400",231.00,S,N,A,-,N,,,,,,,,,,N,4,0,1,2,A,-,12,22450,A,N,D,G,A,A,H,-,A,A,0,,Y,,,Y,,L,04,0,0,1,0,0,0,1,0,0,"- ","- ",,,"CONTRA COSTA",RICHMOND,,
8985999,2019,2020-01-10,0710,2019-10-26,1811,1659,SOUTH,6,5,5,0710,0,0,0,,0,002,"HARBOUR WY","FLORIDA AV",0.00,,Y,A,-,N,,,,,,,,,,N,4,0,1,2,A,-,08,22107,,F,G,B,E,A,H,-,A,D,0,Y,,,,Y,,-,,0,0,1,0,1,0,0,0,0,"- ","- ",,,"CONTRA COSTA",RICHMOND,-122.36004638671875,37.929428100585938
8989317,2019,2019-12-16,0710,2019-10-05,1604,1692,NORTH,6,5,5,0710,0,0,0,,0,008,"LANCASTER DR","ABERDEEN WY",539.00,S,N,A,-,N,,,,,,,,,,N,3,0,1,2,-,-,"- ",,,N,G,B,F,A,H,-,A,D,0,Y,,,,Y,,-,"- ",0,1,0,0,1,0,0,0,0,"- ","- ",,,"CONTRA COSTA",RICHMOND,-122.34291076660156,37.973400115966797
8992555,2018,2019-12-16,0710,2018-03-18,1830,1643,CENTR,7,5,5,0710,0,0,0,,0,006,"6TH ST","BISSELL AV",200.00,S,N,A,-,N,,,,,,,,,,N,4,0,1,2,A,-,11,21954,A,N,G,B,E,A,H,-,A,A,0,Y,,,,Y,,N,60,0,0,1,0,1,0,0,0,0,"- ","- ",37.934139251708984,-122.36367034912109,"CONTRA COSTA",RICHMOND,-122.36374664306641,37.933521270751953
8994876,2019,2020-02-21,0710,2019-10-30,2010,1760,,3,5,5,0710,0,0,0,,0,,"23RD ST","MARICOPA AV",0.00,,Y,A,-,N,,,,,,,,,,N,4,0,1,2,A,-,10,21950,A,N,G,B,B,A,H,-,C,D,0,Y,,,,Y,,A,01,0,0,1,0,1,0,0,0,0,"- ","- ",37.950531005859375,-122.34742736816406,"CONTRA COSTA",RICHMOND,-122.34741973876953,37.950550079345703
8998857,2018,2019-12-07,0710,2018-07-07,0039,1705,NORTH,6,5,5,0710,0,0,0,,0,007,"23RD ST","DOWNER AV",18.00,S,N,A,-,N,,,,,,,,,,N,2,0,1,2,A,-,03,22350,,N,C,G,A,A,H,-,C,A,0,,Y,,,Y,Y,-,,1,0,0,0,0,0,1,0,0,"- ","- ",37.942909240722656,-122.34768676757812,"CONTRA COSTA",RICHMOND,-122.34748840332031,37.942909240722656
8999487,2018,2019-12-07,0710,2018-12-20,1813,1407,SOUTH,4,5,5,0710,0,0,0,,0,001,"OHIO AV","SOUTH 8TH ST",84.00,W,N,A,-,N,,,,,,,,,,N,2,0,1,2,A,-,11,21953,,N,A,B,D,A,H,-,C,A,0,Y,,,,Y,,A,01,1,0,0,0,1,0,0,0,0,"- ","- ",,,"CONTRA COSTA",RICHMOND,-122.36224365234375,37.930820465087891
9002729,2018,2019-12-12,0710,2018-03-15,0507,1305,NORTH,4,5,5,0710,0,0,0,,0,008,"BLUME DR","GARRITY WY",0.00,,Y,C,-,N,,,,,,,,,,N,4,0,1,2,A,-,10,21950,A,N,G,B,B,B,H,-,C,A,0,Y,,,,Y,,A,01,0,0,1,0,1,0,0,0,0,"- ","- ",37.978229522705078,-122.32437133789062,"CONTRA COSTA",RICHMOND,-122.32414245605469,37.978309631347656
9002766,2018,2019-12-12,0710,2018-03-10,1400,1624,CENTR,6,5,5,0710,0,0,0,,0,005,"HARBOR WY","PENNSYLVANIA AV",14.00,S,N,A,-,N,,,,,,,,,,N,4,0,1,2,A,-,05,21202,A,M,H,G,A,A,H,-,A,A,0,,Y,,,Y,Y,L,04,0,0,1,0,0,0,1,0,0,"- ","- ",,,"CONTRA COSTA",RICHMOND,-122.35996246337891,37.942569732666016
90208949,2015,2016-06-24,9370,2015-12-06,0411,020953,,7,3,5,0710,0,1,1,,2,082,"I-80 EASTBOUND","SACRAMENTO AVENUE PEDESTRIAN O/C",196.00,W,N,B,-,Y,,,80,,,,,,E,N,1,1,0,2,A,-,11,21953,,F,G,B,E,A,H,-,D,D,0,Y,,,,Y,,N,60,0,0,0,1,0,0,0,0,0,"- ","- ",37.903799999999997,-122.31265999999999,"CONTRA COSTA",RICHMOND,-122.31266551,37.903796180000001
9023772,2019,2020-01-22,0710,2019-11-22,1525,1752,NORTH,5,5,5,0710,0,0,0,,0,008,"BLUME DR","KLOSE WY",0.00,,Y,A,-,N,,,,,,,,,,N,4,0,1,2,A,-,10,21950,A,N,G,B,B,A,H,-,A,A,0,Y,,,,Y,,A,01,0,0,1,0,1,0,0,0,0,"- ","- ",,,"CONTRA COSTA",RICHMOND,-122.32282257080078,37.981990814208984
9023784,2019,2020-01-22,0710,2019-11-19,1848,1592,SOUTH,2,5,5,0710,0,0,0,,0,002,"MARINA BAY PKWY","MARINA BAY PKWY 535",0.00,,N,A,-,N,,,,,,,,,,N,2,0,1,2,A,-,11,21954,A,N,G,B,D,A,-,-,C,D,0,Y,,,,Y,Y,N,60,1,0,0,0,1,0,0,0,0,"- ","- ",,,"CONTRA COSTA",RICHMOND,-122.347679,37.924402999999998
9023819,2019,2020-01-23,0710,2019-11-29,1738,1707,CENTR,5,5,5,0710,0,0,0,,0,004,"PENNSYLVANIA AV","16TH ST",0.00,,Y,B,-,N,,,,,,,,,,N,4,0,1,2,A,-,12,22450,A,N,H,G,A,B,H,-,C,A,0,,Y,,,Y,,L,04,0,0,1,0,0,0,1,0,0,"- ","- ",37.942161560058594,-122.35466766357422,"CONTRA COSTA",RICHMOND,-122.35466003417969,37.942081451416016
9023831,2019,2020-01-23,0710,2019-11-27,1817,1605,NORTH,3,5,5,0710,0,0,0,,0,009,"HILLTOP DR","PARK CENTRAL",427.00,W,N,B,-,N,,,,,,,,,,Y,2,0,1,2,A,-,08,22107,,N,G,B,E,B,H,-,C,A,0,Y,,,,Y,,A,01,1,0,0,0,1,0,0,0,0,"- ","- ",,,"CONTRA COSTA",RICHMOND,-122.31481170654297,37.976211547851562
9028296,2019,2020-01-29,0710,2019-11-27,1609,1745,NORTH,3,5,5,0710,0,0,0,,0,007,"37TH ST","BISSELL AV",0.00,,Y,B,-,N,,,,,,,,,,N,4,0,1,2,A,-,12,22450,A,N,D,G,A,B,H,-,-,D,0,,Y,,,Y,,L,04,0,0,1,0,0,0,1,0,0,"- ","- ",37.933139801025391,-122.33409881591797,"CONTRA COSTA",RICHMOND,-122.33441925048828,37.933090209960938
90370273,2016,2017-01-17,9370,2016-12-11,2201,021271,,7,3,5,0710,0,1,1,,2,058,"I-580 E/B","CANAL STREET",450.00,W,N,A,-,Y,,,580,,,,,,E,N,2,0,1,2,A,-,11,21954,A,N,G,B,E,A,H,-,C,D,0,Y,,,,Y,Y,N,60,1,0,0,0,1,0,0,0,0,"- ","- ",37.927109999999999,-122.37882999999999,"CONTRA COSTA",RICHMOND,-122.37883004,37.927109389999998
90370284,2016,2017-01-17,9370,2016-12-11,2200,021271,,7,3,5,0710,0,1,1,,2,058,"I-580 E/B","CANAL STREET",470.00,W,N,A,-,Y,,,580,,,,,,E,N,2,0,1,2,D,-,00,,,N,G,B,E,A,H,-,D,D,0,Y,,,,Y,Y,-,"- ",1,0,0,0,1,0,0,0,0,"- ","- ",37.927109999999999,-122.37882999999999,"CONTRA COSTA",RICHMOND,-122.37883004,37.927109389999998
90445676,2017,2017-05-01,9370,2017-01-20,1958,021247,,5,2,5,0710,0,1,1,,2,082,"I-80 W/B","MCBRYDE AVENUE",4.00,E,N,C,-,Y,,,80,,,,,,W,N,1,1,0,2,A,-,11,21954,A,F,G,B,E,B,H,-,D,D,0,Y,,,,Y,,N,60,0,0,0,1,0,0,0,0,0,"- ","- ",37.948740000000001,-122.32629,"CONTRA COSTA",RICHMOND,-122.32622231000001,37.948772200000001
90517219,2017,2017-08-07,9370,2017-07-30,1352,021519,,7,1,5,0710,0,1,1,,2,082,"I-80 E/B FROM CUTTING BLVD","CUTTING BLVD",181.00,E,N,A,-,Y,,,80,,,,R,,E,N,4,0,1,2,A,-,11,21954,A,N,G,B,D,A,H,-,A,D,0,Y,,,,Y,,N,60,0,0,1,0,1,0,0,0,0,"- ","- ",37.925930000000001,-122.32066,"CONTRA COSTA",RICHMOND,-122.32066,37.925930000000001
9057178,2019,2020-05-11,0710,2019-12-07,2037,1693,,6,5,5,0710,0,0,0,,0,006,"MACDONALD AV","8TH ST",0.00,,Y,A,-,N,,,,,,,,,,N,4,0,1,2,A,-,00,21954,,N,G,B,D,A,H,-,C,A,0,Y,,,,Y,Y,N,60,0,0,1,0,1,0,0,0,0,"- ","- ",37.935741424560547,-122.36173248291016,"CONTRA COSTA",RICHMOND,-122.36186218261719,37.935710906982422
9059056,2020,2020-03-13,0710,2020-01-12,1253,1380,SOUTH,7,5,5,0710,0,0,0,,0,002,"CUTTING BL","S 12TH ST",0.00,,Y,A,-,N,,,,,,,,,,N,4,0,1,2,A,-,09,21802,A,N,G,G,A,A,H,-,A,D,0,,Y,,,Y,,L,04,0,0,1,0,0,0,1,0,0,"- ","- ",,,"CONTRA COSTA",RICHMOND,-122.35801696777344,37.925209045410156
9059072,2020,2020-03-13,0710,2020-01-05,1755,1693,NORTH,7,5,5,0710,0,0,0,,0,008,"SAN PABLO AV","STANTON AV",558.00,N,N,A,-,N,,,,,,,,,,N,4,0,1,2,A,-,06,21755,,F,G,G,A,A,H,-,C,A,0,,Y,,,Y,Y,A,01,0,0,1,0,0,0,1,0,0,"- ","- ",37.981021881103516,-122.33905792236328,"CONTRA COSTA",RICHMOND,-122.33783721923828,37.982170104980469
9059123,2020,2020-03-18,0710,2020-01-02,1515,1662,CENTR,4,5,5,0710,0,0,0,,0,007,"ESMOND AV","KERN ST",0.00,,Y,A,-,N,,,,,,,,,,N,3,0,1,2,D,-,00,,,N,D,G,A,A,H,-,A,D,0,,Y,,,Y,,-,"- ",0,1,0,0,0,0,1,0,0,"- ","- ",37.947189331054688,-122.32398223876953,"CONTRA COSTA",RICHMOND,-122.32389068603516,37.947311401367188
9059249,2020,2020-03-17,0710,2020-01-24,1310,1735,CENTR,5,5,5,0710,0,0,0,,0,006,"HARBOUR WY","MACDONALD AV",0.00,,Y,A,-,N,,,,,,,,,,Y,4,0,1,2,A,-,10,21950,A,N,G,B,B,A,H,-,A,A,0,Y,,,,Y,,A,01,0,0,1,0,1,0,0,0,0,"- ","- ",37.935718536376953,-122.35984802246094,"CONTRA COSTA",RICHMOND,-122.36000823974609,37.935718536376953
90597443,2017,2017-11-20,9370,2017-10-27,0740,021364,,5,1,5,0710,0,1,1,,2,058,"I-580 E/B","BAYVIEW AVE",250.00,E,N,A,-,Y,,,,,,,,,,Y,4,0,1,3,A,-,13,22515,A,N,G,B,E,A,H,-,A,D,0,Y,,,Y,Y,,F,55,0,0,1,0,1,0,0,0,0,"- ","- ",37.5441,-122.1925,"CONTRA COSTA",RICHMOND,-122.32361338,37.911576449999998
90665243,2018,2018-02-21,9370,2018-02-09,2148,021519,,5,2,5,0710,0,1,1,,2,082,"I-80 WB FROM BARRETT AVE","BARRETT AVE",699.00,W,N,A,-,Y,,,80,,,,R,,W,Y,2,0,2,2,A,-,05,21202,A,N,H,G,A,A,H,-,D,D,0,,Y,,,Y,,L,04,1,1,0,0,0,0,1,0,0,"- ","- ",37.933399200439453,-122.32676696777344,"CONTRA COSTA",RICHMOND,-122.32676696777344,37.933399200439453
9071208,2020,2020-11-12,0710,2020-04-19,1700,1729,SOUTH,7,5,5,0710,0,0,0,,0,003,"CENTRAL AV","RT 80",0.00,,Y,A,-,Y,CC,4,80,-,-,0.390,R,4,W,N,3,0,1,2,A,-,05,21650,,N,B,G,A,A,H,-,A,A,0,,Y,,,Y,,L,04,0,1,0,0,0,0,1,0,0,"- ",WF,,,"CONTRA COSTA",RICHMOND,-122.31228637695312,37.902915954589844
90720501,2018,2018-05-07,9370,2018-04-28,1846,021519,,6,2,5,0710,0,1,1,,2,082,"I-80 E/B FROM CENTRAL AVENUE","CENTRAL AVENUE",6.00,E,N,A,-,Y,,,80,,,,R,,E,N,4,0,1,2,A,-,11,21950,B,N,G,B,B,A,H,-,A,D,0,Y,,,,Y,,N,60,0,0,1,0,1,0,0,0,0,"- ","- ",37.901081085205078,-122.31044769287109,"CONTRA COSTA",RICHMOND,-122.31044769287109,37.901081085205078
9087551,2019,2020-05-09,0710,2019-12-10,1513,1760,,2,5,5,0710,0,0,0,,0,,"HILLTOP MALL RD","3170 HILLTOP MALL RD",0.00,,N,A,-,N,,,,,,,,,,N,4,0,1,2,B,-,22,,,N,G,B,E,A,H,-,A,D,0,Y,,,,Y,,-,"- ",0,0,1,0,1,0,0,0,0,"- ","- ",,,"CONTRA COSTA",RICHMOND,-122.324443,37.981332999999999