CASE_ID,ACCIDENT_YEAR,PROC_DATE,JURIS,COLLISION_DATE,COLLISION_TIME,OFFICER_ID,REPORTING_DISTRICT,DAY_OF_WEEK,CHP_SHIFT,POPULATION,CNTY_CITY_LOC,SPECIAL_COND,BEAT_TYPE,CHP_BEAT_TYPE,CITY_DIVISION_LAPD,CHP_BEAT_CLASS,BEAT_NUMBER,PRIMARY_RD,SECONDARY_RD,DISTANCE,DIRECTION,INTERSECTION,WEATHER_1,WEATHER_2,STATE_HWY_IND,CALTRANS_COUNTY,CALTRANS_DISTRICT,STATE_ROUTE,ROUTE_SUFFIX,POSTMILE_PREFIX,POSTMILE,LOCATION_TYPE,RAMP_INTERSECTION,SIDE_OF_HWY,TOW_AWAY,COLLISION_SEVERITY,NUMBER_KILLED,NUMBER_INJURED,PARTY_COUNT,PRIMARY_COLL_FACTOR,PCF_CODE_OF_VIOL,PCF_VIOL_CATEGORY,PCF_VIOLATION,PCF_VIOL_SUBSECTION,HIT_AND_RUN,TYPE_OF_COLLISION,MVIW,PED_ACTION,ROAD_SURFACE,ROAD_COND_1,ROAD_COND_2,LIGHTING,CONTROL_DEVICE,CHP_ROAD_TYPE,PEDESTRIAN_ACCIDENT,BICYCLE_ACCIDENT,MOTORCYCLE_ACCIDENT,TRUCK_ACCIDENT,NOT_PRIVATE_PROPERTY,ALCOHOL_INVOLVED,STWD_VEHTYPE_AT_FAULT,CHP_VEHTYPE_AT_FAULT,COUNT_SEVERE_INJ,COUNT_VISIBLE_INJ,COUNT_COMPLAINT_PAIN,COUNT_PED_KILLED,COUNT_PED_INJURED,COUNT_BICYCLIST_KILLED,COUNT_BICYCLIST_INJURED,COUNT_MC_KILLED,COUNT_MC_INJURED,PRIMARY_RAMP,SECONDARY_RAMP,LATITUDE,LONGITUDE,COUNTY,CITY,POINT_X,POINT_Y
9087552,2019,2020-05-09,0710,2019-12-10,0748,1483,NORTH,2,5,5,0710,0,0,0,,0,007,"BARRETT AV","37TH ST",0.00,,Y,A,-,N,,,,,,,,,,N,4,0,1,2,A,-,10,21950,A,N,G,B,B,A,H,-,A,A,0,Y,,,,Y,,A,01,0,0,1,0,1,0,0,0,0,"- ","- ",37.936538696289062,-122.33335876464844,"CONTRA COSTA",RICHMOND,-122.3336181640625,37.936550140380859
9087553,2019,2020-05-09,0710,2019-12-09,1729,1760,NORTH,1,5,5,0710,0,0,0,,0,007,"24TH ST","MACDONALD AV",0.00,,Y,A,-,N,,,,,,,,,,N,4,0,1,2,A,-,10,21950,A,N,G,B,B,A,H,-,C,C,0,Y,,,,Y,,-,"- ",0,0,1,0,1,0,0,0,0,"- ","- ",37.935371398925781,-122.34623718261719,"CONTRA COSTA",RICHMOND,-122.34633636474609,37.935569763183594
9087559,2019,2020-05-09,0710,2019-12-01,1819,1707,CENTR,7,5,5,0710,0,0,0,,0,004,"22ND ST","MACDONALD AV",0.00,,Y,C,-,N,,,,,,,,,,N,4,0,1,2,A,-,11,21456,B,N,G,B,B,B,H,-,C,A,0,Y,,,,Y,Y,N,60,0,0,1,0,1,0,0,0,0,"- ","- ",37.935550689697266,-122.34845733642578,"CONTRA COSTA",RICHMOND,-122.34857940673828,37.935741424560547
9087562,2019,2020-05-09,0710,2019-12-15,1027,1706,SOUTH,7,5,5,0710,0,0,0,,0,001,"HARBOUR WY S","WRIGHT AV",0.00,,Y,A,F,N,,,,,,,,,,N,2,0,1,2,A,-,09,21800,A,N,A,G,A,A,G,-,A,D,0,,Y,,,Y,,A,01,1,0,0,0,0,0,1,0,0,"- ","- ",37.921211242675781,-122.36031341552734,"CONTRA COSTA",RICHMOND,-122.36006164550781,37.921218872070312
9087565,2019,2020-05-09,0710,2019-12-30,1610,1662,SOUTH,1,5,5,0710,0,0,0,,0,004,"MACDONALD AV","MARINA WY",10.00,S,N,A,-,N,,,,,,,,,,N,4,0,1,2,A,-,11,21950,B,N,G,B,B,A,H,-,A,A,0,Y,,,,Y,,A,08,0,0,1,0,1,0,0,0,0,"- ","- ",37.935649871826172,-122.35605621337891,"CONTRA COSTA",RICHMOND,-122.356201171875,37.935699462890625
9087567,2019,2020-05-09,0710,2019-12-29,1827,1693,CENTR,7,5,5,0710,0,0,0,,0,007,"23RD ST","CLINTON AV",0.00,,Y,A,C,N,,,,,,,,,,N,3,0,1,2,A,-,10,21950,,N,G,B,C,B,H,-,C,A,0,Y,,,,Y,,A,01,0,1,0,0,1,0,0,0,0,"- ","- ",37.942180633544922,-122.34770965576172,"CONTRA COSTA",RICHMOND,-122.34750366210938,37.942218780517578
9087571,2019,2020-05-09,0710,2019-12-26,1230,1662,SOUTH,4,5,5,0710,0,0,0,,0,002,"8TH ST","OHIO AV",20.00,S,N,A,-,N,,,,,,,,,,N,3,0,1,2,A,-,01,21200,5,N,D,G,A,A,H,-,A,A,0,,Y,,,Y,Y,L,04,0,1,0,0,0,0,1,0,0,"- ","- ",37.930870056152344,-122.36195373535156,"CONTRA COSTA",RICHMOND,-122.36195373535156,37.930820465087891
9087580,2019,2020-08-19,0710,2019-12-18,0947,1767,SOUTH,3,5,5,0710,0,0,0,,0,003,"RT 580","CENTRAL AV",0.00,,Y,B,-,Y,CC,4,580,-,-,0.086,R,1,W,N,4,0,1,2,A,-,10,21950,A,N,G,B,B,B,H,-,A,A,0,Y,,,,Y,,A,01,0,0,1,0,1,0,0,0,0,"- ","- ",37.900249481201172,-122.31382751464844,"CONTRA COSTA",RICHMOND,-122.31263732910156,37.898471832275391
90904752,2019,2019-01-15,9370,2019-01-11,1511,021357,,5,2,5,0710,0,1,1,,2,083,"I-80 W/B","RICHMOND PARKWAY",1340.00,W,N,B,C,Y,,,,,,,,,,N,3,0,1,2,A,-,11,21954,A,N,G,B,E,B,H,-,A,D,0,Y,,,,Y,Y,N,60,0,1,0,0,1,0,0,0,0,"- ","- ",37.585941314697266,-122.18589019775391,"CONTRA COSTA",RICHMOND,,
90917092,2018,2019-02-01,9370,2018-12-26,0830,022068,,3,1,5,0710,0,1,1,,2,082,"I-80 W/B FROM CARLSON BLVD.","CARLSON BLVD",31.00,W,N,A,-,Y,,,,,,,,,,N,2,0,1,2,A,-,10,21950,A,F,G,B,B,A,H,-,A,D,0,Y,,,,Y,,-,99,1,0,0,0,1,0,0,0,0,"- ","- ",37.543968200683594,-122.19422912597656,"CONTRA COSTA",RICHMOND,-122.31743621826172,37.911083221435547
91027655,2019,2019-07-09,9370,2019-03-27,0218,021093,,3,3,5,0710,0,1,1,,2,058,"I-580 W/B","MARINA BAY PARKWAY O/C",930.00,W,N,B,-,Y,,,580,,,,,,W,Y,1,1,0,2,A,-,11,21954,A,N,G,B,E,B,H,-,D,D,0,Y,,,,Y,,N,60,0,0,0,1,0,0,0,0,0,"- ","- ",37.921909332275391,-122.35096740722656,"CONTRA COSTA",RICHMOND,-122.35096740722656,37.921894073486328
91096889,2019,2019-10-14,9370,2019-10-02,0505,020941,,3,3,5,0710,0,1,1,,2,058,"I-580 W/B TO MARINA BAY PKWY","MARINA BAY PKWY",102.00,E,N,A,-,Y,,,580,,,,R,,W,N,2,0,1,2,A,-,05,21202,A,F,B,G,A,A,H,-,D,D,0,,Y,,,Y,,L,04,1,0,0,0,0,0,1,0,0,"- ","- ",37.922920227050781,-122.34687042236328,"CONTRA COSTA",RICHMOND,-122.34687042236328,37.922920227050781
91109987,2019,2019-10-30,9370,2019-07-17,0540,020258,,3,3,5,0710,0,1,1,,2,058,"I-580 E/B (JOHN T. KNOX FREEWAY)","CUTTING BLVD O/C",143.00,W,N,B,-,Y,,,580,,,,,,E,Y,1,1,0,3,A,-,11,21954,A,F,G,B,E,A,H,-,B,D,0,Y,,,,Y,Y,N,60,0,0,0,1,0,0,0,0,0,"- ","- ",37.925521850585938,-122.36318969726562,"CONTRA COSTA",RICHMOND,-122.36325836181641,37.925384521484375
9113625,2020,2020-07-30,0710,2020-04-19,1730,1652,CENTR,7,5,5,0710,0,0,0,,0,004,"BARRETT AV","22ND ST",0.00,,Y,A,-,N,,,,,,,,,,,4,0,1,2,A,-,12,21453,A,F,G,B,B,A,H,-,A,A,0,Y,,,,Y,Y,A,01,0,0,1,0,1,0,0,0,0,"- ","- ",,,"CONTRA COSTA",RICHMOND,-122.34855651855469,37.938461303710938
9116217,2020,2020-08-03,0710,2020-04-09,1858,1407,SOUTH,4,5,5,0710,0,0,0,,0,002,"CUTTING BL","S 29TH ST",24.00,E,N,A,-,N,,,,,,,,,,,4,0,1,2,A,-,00,20001,A,F,C,G,A,A,H,-,A,A,0,,Y,,,Y,,A,01,0,0,1,0,0,0,1,0,0,"- ","- ",,,"CONTRA COSTA",RICHMOND,-122.3419189453125,37.925258636474609
9116219,2020,2020-08-03,0710,2020-04-11,1845,1343,CENTR,6,5,5,0710,0,0,0,,0,004,"23RD ST","WENDELL AV",80.00,N,N,A,-,N,,,,,,,,,,Y,2,0,1,2,A,-,03,22350,,N,G,B,F,-,H,-,B,D,0,Y,,,,Y,Y,A,01,1,0,0,0,1,0,0,0,0,"- ","- ",37.945541381835938,-122.34761810302734,"CONTRA COSTA",RICHMOND,-122.34748077392578,37.94580078125
9116220,2020,2020-08-03,0710,2020-04-28,1753,1635,CENTR,2,5,5,0710,0,0,0,,0,006,"COLLINS ST","CURRY ST",58.00,S,N,A,-,N,,,,,,,,,,,2,0,1,2,A,-,11,21954,A,N,G,B,D,A,H,-,A,D,0,Y,,,,Y,,N,60,1,0,0,0,1,0,0,0,0,"- ","- ",37.935039520263672,-122.37065887451172,"CONTRA COSTA",RICHMOND,-122.37128448486328,37.935054779052734
91165702,2019,2020-01-20,9370,2019-10-14,0240,021979,,1,3,5,0710,0,1,1,,2,058,"I-580 E/B","CUTTING BOULEVARD",972.00,W,N,A,-,Y,,,580,,,,,,E,N,1,1,0,2,A,-,11,21954,A,F,G,B,E,A,H,-,C,D,0,Y,,,,Y,,N,60,0,0,0,1,0,0,0,0,0,"- ","- ",37.926589965820312,-122.36627960205078,"CONTRA COSTA",RICHMOND,-122.36627197265625,37.926620483398438
9118056,2020,2020-07-23,0710,2020-02-12,1358,1687,,3,5,5,0710,0,0,0,,0,,"S 23RD ST","MAINE AV",0.00,,Y,A,-,N,,,,,,,,,,N,4,0,1,2,D,-,00,,,N,G,B,B,A,H,-,A,D,0,Y,,,,Y,,-,"- ",0,0,1,0,1,0,0,0,0,"- ","- ",,,"CONTRA COSTA",RICHMOND,-122.34767150878906,37.928009033203125
9118080,2020,2020-07-23,0710,2020-02-18,1303,1687,CENTR,2,5,5,0710,0,0,0,,0,006,"MACDONALD AV","2ND ST",39.00,W,N,A,-,N,,,,,,,,,,N,3,0,1,2,A,-,11,21954,A,N,G,B,D,A,H,-,A,A,0,Y,,,,Y,,N,60,0,1,0,0,1,0,0,0,0,"- ","- ",,,"CONTRA COSTA",RICHMOND,-122.3677978515625,37.935718536376953
91193557,2020,2020-02-25,9370,2020-02-06,1215,021364,,4,1,5,0710,0,1,1,,2,058,"I-580 W/B TO CENTRAL AVENUE","CENTRAL AVE",6.00,E,N,A,-,Y,,,,,,,,,,N,4,0,1,2,A,-,10,21950,A,N,G,B,B,A,H,-,A,A,0,Y,,,,Y,,A,01,0,0,1,0,1,0,0,0,0,"- ","- ",37.535980224609375,-122.18489837646484,"CONTRA COSTA",RICHMOND,-122.31392669677734,37.900115966796875
9121907,2020,2020-08-27,0710,2020-05-19,0530,1640,CENTR,2,5,5,0710,0,0,0,,0,006,"MACDONALD AV","16TH ST",0.00,,Y,A,-,N,,,,,,,,,,,4,0,1,2,A,-,10,21950,A,N,G,B,B,A,H,-,C,A,0,Y,,,,Y,,-,,0,0,1,0,1,0,0,0,0,"- ","- ",,,"CONTRA COSTA",RICHMOND,-122.35423278808594,37.935710906982422
9122133,2020,2020-08-27,0710,2020-05-12,1933,1407,SOUTH,2,5,5,0710,0,0,0,,0,003,"CARLSON BL","CENTER AV",0.00,,Y,A,-,N,,,,,,,,,,Y,2,0,1,2,A,-,03,22350,,N,D,G,A,A,H,-,B,A,0,,Y,,,Y,,A,01,1,0,0,0,0,0,1,0,0,"- ","- ",37.929939270019531,-122.34488677978516,"CONTRA COSTA",RICHMOND,-122.34488677978516,37.930130004882812
9122139,2020,2020-08-27,0710,2020-05-06,1920,1716,CENTR,3,5,5,0710,0,0,0,,0,004,"RHEEM AV","13TH ST",7.00,E,N,A,-,N,,,,,,,,,,,4,0,1,2,A,-,12,21453,A,N,D,G,A,A,H,-,A,A,0,,Y,,,Y,,A,01,0,0,1,0,0,0,1,0,0,"- ","- ",37.949260711669922,-122.35613250732422,"CONTRA COSTA",RICHMOND,-122.35715484619141,37.949581146240234
9124266,2020,2020-07-22,0710,2020-02-27,0801,1476,SOUTH,4,5,5,0710,0,0,0,,0,003,"CUTTING BL","49TH ST",0.00,,Y,A,-,N,,,,,,,,,,N,4,0,1,2,A,-,10,21950,A,N,G,B,B,A,H,-,A,A,0,Y,,,,Y,,A,01,0,0,1,0,1,0,0,0,0,"- ","- ",,,"CONTRA COSTA",RICHMOND,-122.32357788085938,37.925548553466797
9124270,2020,2020-07-22,0710,2020-02-21,1439,1730,CENTR,5,5,5,0710,0,0,0,,0,006,"CHANSLOR AV","MARINA WY",0.00,,Y,A,-,N,,,,,,,,,,N,4,0,1,2,A,-,09,21804,A,N,G,B,A,A,H,-,A,A,0,,Y,,,Y,,A,01,0,0,1,0,0,0,1,0,0,"- ","- ",37.932140350341797,-122.35556030273438,"CONTRA COSTA",RICHMOND,-122.35616302490234,37.932460784912109
9124274,2020,2020-07-22,0710,2020-02-15,1727,1740,NORTH,6,5,5,0710,0,0,0,,0,007,"MACDONALD AV","36TH ST",0.00,,Y,A,-,N,,,,,,,,,,N,3,0,1,2,A,-,05,21202,A,N,G,B,F,A,H,-,B,D,0,Y,Y,,,Y,,L,04,0,1,0,0,1,0,0,0,0,"- ","- ",,,"CONTRA COSTA",RICHMOND,-122.33516693115234,37.933990478515625
91429811,2020,2021-03-18,9370,2020-12-19,0455,022487,,6,3,5,0710,0,1,1,,2,058,"I-580 W/B TO HARBOUR WAY SOUTH","HARBOUR WAY S O/C",1034.00,W,N,A,-,Y,,,580,,,,R,,W,N,1,1,0,2,A,-,11,21954,A,N,G,B,E,A,H,-,C,D,0,Y,,,Y,Y,,N,60,0,0,0,1,0,0,0,0,0,"- ","- ",37.922370910644531,-122.35661315917969,"CONTRA COSTA",RICHMOND,-122.35661315917969,37.922370910644531
9143353,2020,2020-09-24,0710,2020-07-30,2017,1635,SOUTH,4,5,5,0710,0,0,0,,0,001,"MARINA BAY PKWY","COMMODORE LN",300.00,N,N,A,-,N,,,,,,,,,,N,4,0,1,2,A,-,09,21804,,N,D,G,A,A,H,-,A,D,0,,Y,,,Y,,L,04,0,0,1,0,0,0,1,0,0,"- ","- ",,,"CONTRA COSTA",RICHMOND,-122.34454345703125,37.914608001708984
9143354,2020,2020-09-24,0710,2020-07-29,2010,1791,CENTR,3,5,5,0710,0,0,0,,0,004,"23RD ST","ROOSEVELT AV",0.00,,Y,A,-,N,,,,,,,,,,N,3,0,1,2,A,-,12,21453,A,N,D,G,A,A,H,-,A,A,0,,Y,,,Y,,L,04,0,1,0,0,0,0,1,0,0,"- ","- ",37.939918518066406,-122.34779357910156,"CONTRA COSTA",RICHMOND,-122.34750366210938,37.939960479736328
9143355,2020,2020-09-24,0710,2020-07-29,1608,1687,NORTH,3,5,5,0710,0,0,0,,0,007,"RHEEM ST","20TH ST",0.00,,Y,A,-,N,,,,,,,,,,N,2,0,1,2,A,-,12,22450,A,N,D,G,A,A,H,-,A,A,0,,Y,,,Y,,L,04,1,0,0,0,0,0,1,0,0,"- ","- ",37.949569702148438,-122.35018157958984,"CONTRA COSTA",RICHMOND,-122.35014343261719,37.949581146240234
9143356,2020,2020-09-24,0710,2020-07-26,1750,1726,SOUTH,7,5,5,0710,0,0,0,,0,002,"S 23RD ST","VIRGINIA AV",62.00,S,N,A,-,N,,,,,,,,,,N,4,0,1,2,A,-,06,21751,,N,B,G,A,A,H,-,A,D,0,,Y,,,Y,,L,04,0,0,1,0,0,0,1,0,0,"- ","- ",,,"CONTRA COSTA",RICHMOND,-122.34767913818359,37.926441192626953
91475086,2021,2021-05-17,9370,2021-04-14,0517,021718,,3,3,5,0710,0,1,1,,2,058,"I-580 W/B FROM BAYVIEW AVENUE","BAYVIEW AVE",975.00,W,N,A,-,Y,,,580,,,,R,,W,N,2,0,1,2,A,-,11,21954,A,F,G,B,E,A,H,-,D,D,0,Y,,,,Y,,N,60,1,0,0,0,1,0,0,0,0,"- ","- ",37.914699554443359,-122.32579040527344,"CONTRA COSTA",RICHMOND,-122.32579040527344,37.914699554443359
9149977,2020,2020-09-24,0710,2020-06-10,1801,1687,CENTR,3,5,5,0710,0,0,0,,0,005,"LINCOLN AV","13TH ST",13.00,E,N,A,-,N,,,,,,,,,,N,4,0,1,2,A,-,17,21461,A,N,D,G,A,A,H,-,A,A,0,,Y,,,Y,,L,04,0,0,1,0,0,0,1,0,0,"- ","- ",37.946079254150391,-122.35752868652344,"CONTRA COSTA",RICHMOND,-122.35737609863281,37.945980072021484
9150694,2020,2020-09-19,0710,2020-07-10,1659,1702,,5,5,5,0710,0,0,0,,0,000,"LANCASTER RD","ABERDEEN WY",0.00,,Y,A,-,N,,,,,,,,,,,4,0,1,2,A,-,11,21950,B,N,A,G,A,A,H,-,A,D,0,,Y,,,Y,,L,04,0,0,1,0,0,0,1,0,0,"- ","- ",37.973690032958984,-122.34134674072266,"CONTRA COSTA",RICHMOND,-122.34162902832031,37.973518371582031
9154205,2020,2020-09-24,0710,2020-06-21,1012,1764,SOUTH,7,5,5,0710,0,0,0,,0,001,"DORNAN DR","WESTERN DR",130.00,S,N,A,-,N,,,,,,,,,,Y,2,0,1,5,A,-,01,23152,A,N,C,B,E,A,H,-,A,D,0,Y,,,,Y,Y,A,01,1,0,0,0,1,0,0,0,0,"- ","- ",37.921268463134766,-122.38529205322266,"CONTRA COSTA",RICHMOND,-122.3857421875,37.920787811279297
9154213,2020,2020-11-20,0710,2020-06-06,1306,1764,SOUTH,6,5,5,0710,0,0,0,,0,003,"CUTTING BL","RT 80",0.00,,Y,A,-,Y,CC,4,80,-,-,2.150,R,4,W,,3,0,1,2,A,-,10,21950,A,F,G,B,B,A,H,-,A,A,0,Y,,,,Y,,A,01,0,1,0,0,1,0,0,0,0,"- ",WF,,,"CONTRA COSTA",RICHMOND,-122.32191467285156,37.926578521728516
9154217,2020,2020-11-20,0710,2020-06-03,1857,1784,CENTR,3,5,5,0710,0,0,0,,0,007,"GARVIN AV","SAN PABLO AV",0.00,,Y,A,-,N,,,,,,,,,,,4,0,1,2,A,-,10,21950,A,N,G,B,B,A,H,-,A,A,0,Y,,,,Y,Y,A,01,0,0,1,0,1,0,0,0,0,"- ","- ",37.943740844726562,-122.32927703857422,"CONTRA COSTA",RICHMOND,-122.32906341552734,37.943679809570312
91720348,2022,2022-03-11,9370,2022-03-02,0924,022826,,3,1,5,0710,0,1,1,,2,083,"I-80 E/B","EL PORTAL DR",820.00,E,N,A,-,Y,CC,,80,,,5.419,H,,R,Y,2,0,1,3,A,-,08,22107,,N,B,B,E,A,H,-,A,D,0,Y,,,,Y,,A,01,1,0,0,0,1,0,0,0,0,"- ","- ",37.96826171875,-122.32093048095703,"CONTRA COSTA",RICHMOND,-122.32100677490234,37.968276977539062
91720485,2022,2022-03-11,9370,2022-02-26,1720,022722,,6,2,5,0710,0,3,5,,2,010,"CHESLEY AVE","2ND ST",0.00,W,N,A,-,N,,,,,,,,,,N,4,0,1,2,D,-,00,,,M,G,B,E,A,H,-,A,D,0,Y,,,,Y,Y,-,"- ",0,0,1,0,1,0,0,0,0,"- ","- ",37.954730987548828,-122.36801147460938,"CONTRA COSTA",RICHMOND,-122.36791229248047,37.954746246337891
91775659,2022,2022-05-19,9370,2022-04-25,0724,021573,,1,1,5,0710,0,1,1,,2,082,"I-80 W/B TO CENTRAL AVE","CENTRAL AVENUE",5.00,E,N,A,-,Y,,,,,,,,,,N,4,0,1,2,A,-,10,21950,A,M,G,B,B,A,H,-,A,A,0,Y,,,,Y,,-,99,0,0,1,0,1,0,0,0,0,"- ","- ",37.900920867919922,-122.31136322021484,"CONTRA COSTA",RICHMOND,-122.31136322021484,37.900920867919922
91856136,2021,2022-09-02,9370,2021-09-26,0227,022567,,7,3,5,0710,0,1,1,,2,082,"I-80 W/B","CUTTING BOULEVARD",737.00,E,N,A,-,Y,,,80,,,,,,W,Y,1,1,0,2,A,-,11,21954,A,N,G,B,E,A,H,-,C,D,0,Y,,,,Y,,N,60,0,0,0,1,0,0,0,0,0,"- ","- ",37.927299499511719,-122.32240295410156,"CONTRA COSTA",RICHMOND,-122.32241821289062,37.927288055419922
9189214,2020,2020-12-10,0710,2020-08-10,2050,1324,SOUTH,1,5,5,0710,0,0,0,,0,001,"OHIO AV","S 6TH ST",0.00,,Y,C,-,N,,,,,,,,,,N,3,0,1,2,A,-,08,22107,,F,B,G,A,A,H,-,C,D,0,,Y,,,Y,,-,99,0,1,0,0,0,0,1,0,0,"- ","- ",,,"CONTRA COSTA",RICHMOND,-122.36393737792969,37.930820465087891
91919669,2022,2022-11-16,9370,2022-10-18,1130,022280,,2,1,5,0710,0,1,1,,2,082,"I-80 E/B FROM CENTRAL AVENUE","CENTRAL AVENUE",0.00,,Y,A,-,N,,,,,,,,,,N,3,0,1,2,A,-,10,21950,A,N,G,B,B,A,H,-,A,A,0,Y,,,,Y,,A,01,0,1,0,0,1,0,0,0,0,"- ","- ",37.901069641113281,-122.31050872802734,"CONTRA COSTA",RICHMOND,-122.31071472167969,37.900951385498047
91931388,2022,2022-12-01,9370,2022-01-03,0245,022611,,1,3,5,0710,0,1,1,,2,083,"I-80 W/B FROM HILLTOP DRIVE","HILLTOP DR",476.00,W,N,A,-,Y,CC,,80,,,5.889,H,,L,N,1,1,0,2,A,-,11,21954,A,N,G,B,E,A,H,-,D,D,0,Y,,,,Y,,N,60,0,0,0,1,0,0,0,0,0,"- ","- ",37.974998474121094,-122.31926727294922,"CONTRA COSTA",RICHMOND,-122.31902313232422,37.974948883056641
92047910,2023,2023-04-18,9370,2023-01-25,2233,022941,,3,3,5,0710,0,1,1,,2,083,"I-80 W/B","FITZGERALD DRIVE",1500.00,W,N,A,-,Y,CC,,80," "," ",6.328,H,,L,Y,1,1,0,2,A,-,11,21954,A,N,G,B,E,A,H,-,D,D,0,Y,,,,Y,,N,60,0,0,0,1,0,0,0,0,0,"- ","- ",37.981090545654297,-122.31687164306641,"CONTRA COSTA",RICHMOND,-122.31697082519531,37.981109619140625
9211628,2020,2022-06-28,0710,2020-12-22,0400,1835,NORTH,2,5,5,0710,0,0,0,,0,008,"GIANT HWY","PHANOR DR",550.00,S,N,A,-,N,,,,,,,,,,Y,1,1,0,2,A,-,03,22350,,N,G,B,E,A,H,-,C,D,0,Y,,,,Y,,A,01,0,0,0,1,0,0,0,0,0,"- ","- ",37.888248443603516,-122.36286926269531,"CONTRA COSTA",RICHMOND,-122.35247039794922,37.986423492431641
9211635,2020,2021-02-18,0710,2020-12-04,1253,1692,SOUTH,5,5,5,0710,0,0,0,,0,001,"RICHMOND PKWY","GARRARD BL",0.00,,Y,A,-,N,,,,,,,,,,N,1,1,0,2,A,-,12,21453,A,N,D,G,A,A,H,-,A,A,0,,Y,,,Y,,L,04,0,0,0,0,0,1,0,0,0,"- ","- ",37.930870056152344,-122.37796783447266,"CONTRA COSTA",RICHMOND,-122.37815093994141,37.930801391601562
9211644,2020,2021-02-25,0710,2020-12-07,0652,1794,CENTR,1,5,5,0710,0,0,0,,0,004,"BARRETT AV","21ST ST",0.00,,Y,A,-,N,,,,,,,,,,N,1,1,0,2,A,-,11,21954,A,N,G,B,D,A,H,-,B,D,0,Y,,,,Y,,N,60,0,0,0,1,0,0,0,0,0,"- ","- ",37.938449859619141,-122.349853515625,"CONTRA COSTA",RICHMOND,-122.34956359863281,37.938468933105469
9212959,2020,2021-01-28,0710,2020-11-13,2234,1752,,5,5,5,0710,0,0,0,,0,,"23RD ST","CLINTON AV",0.00,,Y,C,-,N,,,,,,,,,,,4,0,1,2,A,-,10,21950,A,N,G,B,B,B,H,-,C,A,0,Y,,,,Y,,A,01,0,0,1,0,1,0,0,0,0,"- ","- ",37.942180633544922,-122.34770965576172,"CONTRA COSTA",RICHMOND,-122.34750366210938,37.942218780517578
9215501,2020,2021-02-02,0710,2020-11-29,1121,1747,SOUTH,7,5,5,0710,0,0,0,,0,002,"CUTTING BL","SOUTH 17TH",0.00,,Y,A,-,N,,,,,,,,,,N,4,0,1,2,A,-,10,21950,A,N,G,B,B,A,H,-,A,B,0,Y,,,,Y,,A,01,0,0,1,0,1,0,0,0,0,"- ","- ",,,"CONTRA COSTA",RICHMOND,-122.35302734375,37.925209045410156
9215505,2020,2021-02-02,0710,2020-11-18,1750,1454,CENTR,3,5,5,0710,0,0,0,,0,006,"HARBOUR WY","CHANSLOR AV",9.00,S,N,B,-,N,,,,,,,,,,N,4,0,1,2,A,-,"- ",,,F,G,B,B,A,H,-,C,A,0,Y,,,,Y,,-,"- ",0,0,1,0,1,0,0,0,0,"- ","- ",,,"CONTRA COSTA",RICHMOND,-122.36002349853516,37.93243408203125
92175876,2023,2023-09-21,9370,2023-08-22,2140,022826,,2,2,5,0710,0,1,1,,2,058,"I-580 W/B","MARINA BAY PKWY",2037.00,E,N,A,-,Y,CC,,580," ",R,2.491,H,,L,N,3,0,1,2,A,-,00,21960,A,N,G,B,E,A,H,-,C,D,0,Y,,,,Y,,-,"- ",0,1,0,0,1,0,0,0,0,"- ","- ",37.92169189453125,-122.34028625488281,"CONTRA COSTA",RICHMOND,-122.34030151367188,37.921482086181641
92221666,2023,2023-10-27,9370,2023-07-18,"320 ",022821,,2,3,5,0710,0,1,1,,2,058,"I-580 W/B","CASTRO ST",617.00,W,N,B,-,Y,CC,,580," ",R,5.299,H,,L,N,1,1,0,2,A,-,11,21954,A,N,G,B,E,A,H,-,C,D,0,Y,,,,Y,,N,60,0,0,0,1,0,0,0,0,0,"- ","- ",37.930248260498047,-122.38929748535156,"CONTRA COSTA",RICHMOND,-122.389404296875,37.93011474609375