CASE_ID,ACCIDENT_YEAR,PROC_DATE,JURIS,COLLISION_DATE,COLLISION_TIME,OFFICER_ID,REPORTING_DISTRICT,DAY_OF_WEEK,CHP_SHIFT,POPULATION,CNTY_CITY_LOC,SPECIAL_COND,BEAT_TYPE,CHP_BEAT_TYPE,CITY_DIVISION_LAPD,CHP_BEAT_CLASS,BEAT_NUMBER,PRIMARY_RD,SECONDARY_RD,DISTANCE,DIRECTION,INTERSECTION,WEATHER_1,WEATHER_2,STATE_HWY_IND,CALTRANS_COUNTY,CALTRANS_DISTRICT,STATE_ROUTE,ROUTE_SUFFIX,POSTMILE_PREFIX,POSTMILE,LOCATION_TYPE,RAMP_INTERSECTION,SIDE_OF_HWY,TOW_AWAY,COLLISION_SEVERITY,NUMBER_KILLED,NUMBER_INJURED,PARTY_COUNT,PRIMARY_COLL_FACTOR,PCF_CODE_OF_VIOL,PCF_VIOL_CATEGORY,PCF_VIOLATION,PCF_VIOL_SUBSECTION,HIT_AND_RUN,TYPE_OF_COLLISION,MVIW,PED_ACTION,ROAD_SURFACE,ROAD_COND_1,ROAD_COND_2,LIGHTING,CONTROL_DEVICE,CHP_ROAD_TYPE,PEDESTRIAN_ACCIDENT,BICYCLE_ACCIDENT,MOTORCYCLE_ACCIDENT,TRUCK_ACCIDENT,NOT_PRIVATE_PROPERTY,ALCOHOL_INVOLVED,STWD_VEHTYPE_AT_FAULT,CHP_VEHTYPE_AT_FAULT,COUNT_SEVERE_INJ,COUNT_VISIBLE_INJ,COUNT_COMPLAINT_PAIN,COUNT_PED_KILLED,COUNT_PED_INJURED,COUNT_BICYCLIST_KILLED,COUNT_BICYCLIST_INJURED,COUNT_MC_KILLED,COUNT_MC_INJURED,PRIMARY_RAMP,SECONDARY_RAMP,LATITUDE,LONGITUDE,COUNTY,CITY,POINT_X,POINT_Y
9222378,2020,2021-02-26,0710,2020-12-21,0122,1635,NORTH,1,5,5,0710,0,0,0,,0,007,"SAN PABLO AV","ANDRADE AV",127.00,N,N,A,-,N,,,,,,,,,,N,2,0,1,2,A,-,11,21954,A,F,G,B,E,A,H,-,C,D,0,Y,,,,Y,,N,60,1,0,0,0,1,0,0,0,0,"- ","- ",37.947780609130859,-122.33109283447266,"CONTRA COSTA",RICHMOND,-122.3311767578125,37.948146820068359
92264405,2023,2023-12-18,9370,2023-10-20,"630 ",023081,,5,1,5,0710,0,1,1,,2,082,"I-80 E/B TO MACDONALD AVENUE","MACDONALD AVE",50.00,E,N,A,-,Y,CC,,80," "," ",2.632,H,,R,N,3,0,1,2,A,-,11,21954,A,N,G,B,E,A,H,-,E,D,0,Y,,,,Y,,N,60,0,1,0,0,1,0,0,0,0,"- ","- ",37.932849884033203,-122.32566070556641,"CONTRA COSTA",RICHMOND,-122.32593536376953,37.932735443115234
9229622,2020,2021-03-19,0710,2020-12-30,1913,1635,CENTR,3,5,5,0710,0,0,0,,0,005,"7TH ST","MAPLE AV",10.00,S,N,C,-,N,,,,,,,,,,N,3,0,1,2,A,-,11,21954,A,F,G,B,D,B,H,-,C,D,0,Y,,,,Y,,N,60,0,1,0,0,1,0,0,0,0,"- ","- ",37.939701080322266,-122.36251068115234,"CONTRA COSTA",RICHMOND,-122.36273956298828,37.939601898193359
9229648,2020,2021-02-27,0710,2020-12-13,2034,1605,,7,5,5,0710,0,0,0,,0,008,"RICHMOND PKWY","HILLTOP DR",0.00,,Y,B,-,N,,,,,,,,,,,2,0,1,2,A,-,11,21950,B,N,G,B,B,B,H,-,C,A,0,Y,,,,Y,,N,60,1,0,0,0,1,0,0,0,0,"- ","- ",37.987209320068359,-122.33975219726562,"CONTRA COSTA",RICHMOND,-122.33972930908203,37.987239837646484
9229653,2020,2021-02-27,0710,2020-12-17,0928,1662,,4,5,5,0710,0,0,0,,0,004,"MACDONALD AV","23RD ST",0.00,,Y,A,-,N,,,,,,,,,,,4,0,1,2,A,-,10,21950,A,N,G,B,B,A,H,-,A,A,0,Y,,,,Y,,A,07,0,0,1,0,1,0,0,0,0,"- ","- ",37.935249328613281,-122.34684753417969,"CONTRA COSTA",RICHMOND,-122.34754943847656,37.93572998046875
9229657,2020,2021-02-27,0710,2020-12-22,0704,4183,,2,5,5,0710,0,0,0,,0,007,"29TH ST","RHEEM AV",0.00,,Y,B,-,N,,,,,,,,,,,4,0,1,2,A,-,12,22450,A,N,D,G,A,A,H,-,B,D,0,,Y,,,Y,,L,04,0,0,1,0,0,0,1,0,0,"- ","- ",37.949951171875,-122.33885192871094,"CONTRA COSTA",RICHMOND,-122.33879852294922,37.949848175048828
9229676,2020,2021-02-27,0710,2020-12-05,1734,1685,,6,5,5,0710,0,0,0,,0,004,"GARVIN AV","23RD ST",5.00,E,N,A,-,N,,,,,,,,,,,3,0,1,2,A,-,10,21950,A,N,G,B,B,A,H,-,C,A,0,Y,,,,Y,Y,A,01,0,1,0,0,1,0,0,0,0,"- ","- ",37.947380065917969,-122.34767150878906,"CONTRA COSTA",RICHMOND,-122.34748840332031,37.943828582763672
9229678,2020,2021-02-27,0710,2020-12-04,1639,1733,,5,5,5,0710,0,0,0,,0,,"BARRETT AV","18TH ST",0.00,,Y,A,-,N,,,,,,,,,,,4,0,1,2,A,-,09,21802,A,N,D,G,A,A,H,-,A,D,0,,Y,,,Y,,A,01,0,0,1,0,0,0,1,0,0,"- ","- ",37.938480377197266,-122.35282135009766,"CONTRA COSTA",RICHMOND,-122.35249328613281,37.938461303710938
9229680,2020,2021-02-27,0710,2020-12-04,0728,1770,,5,5,5,0710,0,0,0,,0,003,"CARLSON BL","PULLMAN AV",20.00,S,N,A,-,N,,,,,,,,,,,4,0,1,2,A,-,08,22107,,M,B,G,A,A,H,-,A,D,0,,Y,,,Y,,A,01,0,0,1,0,0,0,1,0,0,"- ","- ",37.928611755371094,-122.34239959716797,"CONTRA COSTA",RICHMOND,-122.34247589111328,37.928363800048828
92398114,2023,2024-05-24,9370,2023-10-25,2221,022841,,3,3,5,0710,0,1,1,,2,058,"I-580 W/B (JOHN T. KNOX FREEWAY)","CENTRAL AVENUE",1072.00,W,N,A,-,Y,CC,,580," "," ",0.452,H,,L,N,1,1,0,2,A,-,11,21954,A,N,G,B,E,A,H,-,C,D,0,Y,,,,Y,,N,60,0,0,0,1,0,0,0,0,0,"- ","- ",37.902721405029297,-122.3160400390625,"CONTRA COSTA",RICHMOND,-122.31621551513672,37.902629852294922
92398121,2023,2024-05-24,9370,2023-10-25,2220,022841,,3,3,5,0710,0,1,1,,2,058,"I-580 W/B","CENTRAL AVE",1047.00,W,N,A,-,Y,CC,,580," "," ",0.447,H,,L,N,2,0,1,2,A,-,11,21954,A,N,G,B,E,A,H,-,D,D,0,Y,,,,Y,,N,60,1,0,0,0,1,0,0,0,0,"- ","- ",37.902618408203125,-122.31604766845703,"CONTRA COSTA",RICHMOND,-122.316162109375,37.902565002441406
92419487,2024,2024-06-20,9370,2024-05-23,"120 ",023182,,4,3,5,0710,0,1,1,,2,058,"I-580 W/B","HARBOUR WAY SOUTH OVERCROSSING",200.00,W,N,B,F,Y,CC,,580," ",R,3.663,H,,L,Y,1,1,0,2,A,-,11,21954,A,N,G,B,E,A,H,-,D,D,0,Y,,,,Y,,N,60,0,0,0,1,0,0,0,0,0,"- ","- ",37.924209594726562,-122.36087036132812,"CONTRA COSTA",RICHMOND,-122.36103057861328,37.924045562744141
9252067,2020,2021-04-27,0710,2020-09-21,1623,1687,CENTR,1,5,5,0710,0,0,0,,0,004,"MACDONALD AV","21ST ST",4.00,W,N,A,-,N,,,,,,,,,,,2,0,1,2,A,-,10,21950,A,F,G,B,B,A,H,-,A,A,0,Y,,,,Y,,A,01,1,0,0,0,1,0,0,0,0,"- ","- ",37.935558319091797,-122.34942626953125,"CONTRA COSTA",RICHMOND,-122.34957122802734,37.935741424560547
9252076,2020,2021-04-27,0710,2020-09-16,1230,1777,SOUTH,3,5,5,0710,0,0,0,,0,002,"HOFFMAN BL","MARINA WY SOUTH",0.00,,Y,B,-,N,,,,,,,,,,,2,0,2,3,A,-,10,21950,A,F,G,B,B,A,H,-,A,D,0,Y,,,,Y,,-,99,2,0,0,0,2,0,0,0,0,"- ","- ",37.922508239746094,-122.35610198974609,"CONTRA COSTA",RICHMOND,-122.35587310791016,37.922550201416016
9252081,2020,2021-04-28,0710,2020-09-23,1705,1799,CENTR,3,5,5,0710,0,0,0,,0,004,"13TH ST","GARVIN AV",36.00,N,N,A,-,N,,,,,,,,,,,4,0,1,2,A,-,08,22107,,F,B,G,A,A,H,-,A,D,0,,Y,,,Y,,A,01,0,0,1,0,0,0,1,0,0,"- ","- ",37.943489074707031,-122.35662078857422,"CONTRA COSTA",RICHMOND,-122.35761260986328,37.943901062011719
9252186,2020,2021-04-28,0710,2020-09-25,0641,1779,SOUTH,5,5,5,0710,0,0,0,,0,003,"CUTTING BL","SOUTH 49TH",5.00,E,N,A,-,N,,,,,,,,,,,2,0,1,2,A,-,10,21950,A,N,G,B,B,A,H,-,B,A,0,Y,,,,Y,,A,01,1,0,0,0,1,0,0,0,0,"- ","- ",,,"CONTRA COSTA",RICHMOND,-122.32356262207031,37.925548553466797
9252959,2021,2021-04-21,0710,2021-01-16,1354,1760,CENTR,6,5,5,0710,0,0,0,,0,006,"MARINA WAY","NEVIN PZ",0.00,,Y,A,-,,,,,,,,,,,,2,0,1,2,A,-,12,21453,A,N,D,G,A,A,H,-,A,A,0,,Y,,,Y,,-,"- ",1,0,0,0,0,0,1,0,0,"- ","- ",37.936809539794922,-122.35604858398438,"CONTRA COSTA",RICHMOND,-122.35617065429688,37.93682861328125
9255769,2021,2021-05-10,0710,2021-01-28,1936,1635,SOUTH,4,5,5,0710,0,0,0,,0,003,"S 37TH ST","CUTTING BL",97.00,S,N,A,-,N,,,,,,,,,,Y,2,0,1,2,A,-,11,21954,A,N,G,B,D,B,H,-,E,D,0,Y,,,,Y,,N,60,1,0,0,0,1,0,0,0,0,"- ","- ",,,"CONTRA COSTA",RICHMOND,-122.33424377441406,37.925079345703125
9256102,2021,2021-05-11,0710,2021-01-04,1749,1635,NORTH,1,5,5,0710,0,0,0,,0,007,"SAN PABLO AV","ROOSEVELT AV",157.00,S,N,A,-,N,,,,,,,,,,Y,1,1,0,2,A,-,10,21954,B,N,G,B,D,A,H,-,C,D,0,Y,,,,Y,Y,A,01,0,0,0,1,0,0,0,0,0,"- ","- ",37.936851501464844,-122.32550811767578,"CONTRA COSTA",RICHMOND,-122.32563018798828,37.936569213867188
9256357,2021,2021-07-20,0710,2021-04-02,0840,1747,CENTR,5,5,5,0710,0,0,0,,0,004,"23RD ST","MCBRYDE AV",0.00,,Y,A,-,N,,,,,,,,,,N,1,1,0,2,A,-,05,21650,,N,D,G,A,A,H,-,A,D,0,,Y,,,Y,,L,04,0,0,0,0,0,1,0,0,0,"- ","- ",37.946998596191406,-122.34755706787109,"CONTRA COSTA",RICHMOND,-122.34747314453125,37.947032928466797
9284250,2021,2021-07-09,0710,2021-04-19,1336,1687,CENTR,1,5,5,0710,0,0,0,,0,004,"BARRETT AV","19TH ST",6.00,W,N,A,-,N,,,,,,,,,,N,2,0,1,2,A,-,10,21950,A,F,G,B,B,A,H,-,A,A,0,Y,,,,Y,,A,08,1,0,0,0,1,0,0,0,0,"- ","- ",37.938480377197266,-122.38182067871094,"CONTRA COSTA",RICHMOND,-122.35153198242188,37.938461303710938
9292463,2021,2021-07-29,0710,2021-03-17,1940,1640,SOUTH,3,5,5,0710,0,0,0,,0,001,"HARBOUR WY","FLORIDA AV",0.00,,Y,A,-,N,,,,,,,,,,N,2,0,1,2,A,-,10,21950,A,F,H,G,A,A,H,-,C,D,0,,Y,,,Y,,-,,1,0,0,0,0,0,1,0,0,"- ","- ",,,"CONTRA COSTA",RICHMOND,-122.36004638671875,37.929428100585938
9292464,2021,2021-07-27,0710,2021-03-13,1747,1731,NORTH,6,5,5,0710,0,0,0,,0,007,"24TH ST","ROOSEVELT AV",0.00,,Y,A,-,N,,,,,,,,,,N,3,0,1,2,A,-,01,23152,A,N,-,G,A,A,H,-,B,D,0,,Y,,,Y,Y,A,01,0,1,0,0,0,0,1,0,0,"- ","- ",37.939708709716797,-122.345703125,"CONTRA COSTA",RICHMOND,-122.34539794921875,37.939769744873047
9294923,2021,2021-08-09,0710,2021-03-23,1815,1662,NORTH,2,5,5,0710,0,0,0,,0,006,"GARRITY WY","BLUME DR",0.00,,Y,A,-,N,,,,,,,,,,,4,0,1,2,A,-,11,21950,B,N,G,B,D,A,H,-,B,A,0,Y,,,,Y,,N,60,0,0,1,0,1,0,0,0,0,"- ","- ",37.978229522705078,-122.32437133789062,"CONTRA COSTA",RICHMOND,-122.32414245605469,37.978309631347656
9309778,2021,2021-08-23,0710,2021-05-17,1845,1546,CENTR,1,5,5,0710,0,0,0,,0,006,"MACDONALD AV","12TH ST",0.00,N,N,A,-,N,,,,,,,,,,N,4,0,1,2,A,-,21,22106,,F,C,G,A,A,H,-,A,D,0,,Y,,,Y,,A,01,0,0,1,0,0,0,1,0,0,"- ","- ",37.935680389404297,-122.35794067382812,"CONTRA COSTA",RICHMOND,-122.35811614990234,37.935703277587891
9309858,2021,2021-08-19,0710,2021-05-13,1611,1687,SOUTH,4,5,5,0710,0,0,0,,0,003,"S 37TH ST","CUTTING BL",103.00,N,N,A,-,N,,,,,,,,,,N,4,0,1,2,A,-,21,22106,,F,G,B,F,A,H,-,A,D,0,Y,,,,Y,,A,07,0,0,1,0,1,0,0,0,0,"- ","- ",,,"CONTRA COSTA",RICHMOND,-122.33429718017578,37.925624847412109
9309862,2021,2021-08-19,0710,2021-05-05,1009,1687,SOUTH,3,5,5,0710,0,0,0,,0,003,"CARLSON BL","PULLMAN AV",18.00,N,N,A,-,N,,,,,,,,,,N,4,0,1,2,A,-,05,21650,1,N,A,G,A,A,H,-,A,D,0,,Y,,,Y,,L,04,0,0,1,0,0,0,1,0,0,"- ","- ",37.927909851074219,-122.34197998046875,"CONTRA COSTA",RICHMOND,-122.34257507324219,37.928432464599609
9309896,2021,2021-08-23,0710,2021-05-30,1400,1687,NORTH,7,5,5,0710,0,0,0,,0,007,"NEVIN AV","25TH ST",13.00,W,N,A,-,N,,,,,,,,,,N,4,0,1,2,A,-,21,22106,,N,G,B,B,A,H,-,A,A,0,Y,,,,Y,,A,01,0,0,1,0,1,0,0,0,0,"- ","- ",37.936351776123047,-122.34506225585938,"CONTRA COSTA",RICHMOND,-122.34524536132812,37.936565399169922
9309979,2021,2021-08-19,0710,2021-05-20,0717,1774,NORTH,4,5,5,0710,0,0,0,,0,007,"MCBRYDE AV","29TH ST",0.00,,Y,A,-,N,,,,,,,,,,N,4,0,1,2,A,-,12,22450,A,N,G,B,B,A,H,-,A,D,0,Y,,,,Y,,A,07,0,0,1,0,1,0,0,0,0,"- ","- ",37.947158813476562,-122.33892059326172,"CONTRA COSTA",RICHMOND,-122.33880615234375,37.947040557861328
9318063,2021,2021-09-20,0710,2021-07-29,2352,1745,CENTR,4,5,5,0710,0,0,0,,0,004,"BARRETT AV","23RD ST",0.00,,Y,B,-,N,,,,,,,,,,N,3,0,1,2,A,-,11,21954,A,N,D,B,B,A,H,-,C,A,0,Y,,,,Y,Y,N,60,0,1,0,0,1,0,0,0,0,"- ","- ",37.938411712646484,-122.34783172607422,"CONTRA COSTA",RICHMOND,-122.34752655029297,37.938438415527344
9318066,2021,2021-09-22,0710,2021-07-24,1242,1716,CENTR,6,5,5,0710,0,0,0,,0,006,"5TH ST","MACDONALD AV",0.00,,Y,A,-,N,,,,,,,,,,N,2,0,1,2,A,-,03,22350,,F,G,B,E,A,H,-,A,A,0,Y,,,,Y,,A,01,1,0,0,0,1,0,0,0,0,"- ","- ",37.935779571533203,-122.36457824707031,"CONTRA COSTA",RICHMOND,-122.36473083496094,37.935718536376953
9318071,2021,2021-09-20,0710,2021-07-06,2030,1742,SOUTH,2,5,5,0710,0,0,0,,0,002,"S 20TH ST","CUTTING BL",229.00,N,N,A,-,N,,,,,,,,,,N,4,0,1,2,A,-,21,22106,,N,B,B,C,A,H,-,B,A,0,Y,,,,Y,,A,07,0,0,1,0,1,0,0,0,0,"- ","- ",,,"CONTRA COSTA",RICHMOND,-122.35037994384766,37.925827026367188
9318074,2021,2021-09-23,0710,2021-07-13,0451,1745,NORTH,2,5,5,0710,0,0,0,,0,007,"SAN PABLO AV","CLINTON AV",0.00,,N,B,-,N,,,,,,,,,,N,2,0,1,2,A,-,"- ",,,F,G,B,B,A,H,-,C,A,0,Y,,,,Y,Y,-,,1,0,0,0,1,0,0,0,0,"- ","- ",37.939609527587891,-122.32666778564453,"CONTRA COSTA",RICHMOND,-122.32746124267578,37.940364837646484
9318082,2021,2021-09-17,0710,2021-07-03,0958,1716,CENTR,6,5,5,0710,0,0,0,,0,006,"W MACDONALD AV","RICHMOND PKWY",20.00,E,N,A,-,N,,,,,,,,,,N,4,0,1,2,A,-,09,21453,B,N,G,B,B,A,H,-,A,A,0,Y,,,,Y,,A,01,0,0,1,0,1,0,0,0,0,"- ","- ",,,"CONTRA COSTA",RICHMOND,-122.37290191650391,37.935878753662109
9318633,2021,2021-09-28,0710,2021-07-26,1515,1687,SOUTH,1,5,5,0710,0,0,0,,0,003,"REECE CT","S 49TH ST",137.00,W,N,A,-,N,,,,,,,,,,N,4,0,1,2,A,-,03,22350,,N,G,B,E,A,H,-,A,D,0,Y,,,,Y,,E,22,0,0,1,0,1,0,0,0,0,"- ","- ",,,"CONTRA COSTA",RICHMOND,-122.32406616210938,37.927047729492188
9318637,2021,2022-02-24,0710,2021-07-23,2002,1635,NORTH,5,5,5,0710,0,0,0,,0,007,"BARRETT AV","RT 80",30.00,W,N,A,-,Y,CC,4,80,-,-,3.034,R,4,W,Y,4,0,2,5,A,-,08,22107,,N,G,B,E,A,H,-,A,A,0,Y,,,Y,Y,,E,22,0,0,2,0,2,0,0,0,0,"- ",WF,37.935531616210938,-122.32701110839844,"CONTRA COSTA",RICHMOND,-122.32572174072266,37.938308715820312
9322295,2021,2021-09-27,0710,2021-07-27,1901,1655,CENTR,2,5,5,0710,0,0,0,,0,006,"4TH ST","MACDONALD AV",0.00,,Y,A,-,N,,,,,,,,,,Y,2,0,1,2,A,-,10,21950,A,F,G,B,B,A,H,-,A,A,0,Y,,,,Y,,A,01,1,0,0,0,1,0,0,0,0,"- ","- ",37.935798645019531,-122.36553955078125,"CONTRA COSTA",RICHMOND,-122.36563873291016,37.935718536376953
9343731,2021,2021-10-11,0710,2021-06-14,2320,1754,NORTH,1,5,5,0710,0,0,0,,0,007,"ROOSEVELT AV","HAYES ST",30.00,W,N,A,-,,,,,,,,,,,,4,0,1,2,A,-,05,21202,A,F,G,G,A,A,H,-,C,D,0,,Y,,,Y,,L,04,0,0,1,0,0,0,1,0,0,"- ","- ",37.939838409423828,-122.34660339355469,"CONTRA COSTA",RICHMOND,-122.34638214111328,37.939910888671875
9343732,2021,2021-10-11,0710,2021-06-12,1856,1708,NORTH,6,5,5,0710,0,0,0,,0,007,"RHEEM AV","34TH ST",0.00,,Y,A,-,,,,,,,,,,,,4,0,1,2,A,-,11,21954,A,N,G,B,D,A,H,-,A,A,0,Y,,,,Y,,N,60,0,0,1,0,1,0,0,0,0,"- ","- ",37.949199676513672,-122.33351135253906,"CONTRA COSTA",RICHMOND,-122.33456420898438,37.949867248535156
9349867,2021,2021-10-26,0710,2021-08-02,1703,1731,SOUTH,1,5,5,0710,0,0,0,,0,002,"23RD ST","VIRGINIA AV",0.00,,Y,A,-,N,,,,,,,,,,N,4,0,1,2,A,-,08,22107,,F,D,G,A,A,H,-,A,D,0,,Y,,,Y,Y,A,01,0,0,1,0,0,0,1,0,0,"- ","- ",37.926639556884766,-122.34761810302734,"CONTRA COSTA",RICHMOND,-122.34767913818359,37.926612854003906
9349873,2021,2021-10-26,0710,2021-08-14,2045,1708,NORTH,6,5,5,0710,0,0,0,,0,007,"MACDONALD AV","25TH ST",17.00,W,N,A,-,N,,,,,,,,,,N,2,0,1,2,A,-,11,21954,A,N,G,B,D,A,H,-,C,A,0,Y,,,,Y,Y,N,60,1,0,0,0,1,0,0,0,0,"- ","- ",37.935211181640625,-122.34535217285156,"CONTRA COSTA",RICHMOND,-122.34550476074219,37.935459136962891
9349876,2021,2021-10-26,0710,2021-08-11,1829,1802,NORTH,3,5,5,0710,0,0,0,,0,007,"GARVIN AV","26TH ST",0.00,,Y,A,-,N,,,,,,,,,,N,2,0,1,2,A,-,12,22450,A,N,D,G,A,A,H,-,A,A,0,,Y,,,Y,,L,04,1,0,0,0,0,0,1,0,0,"- ","- ",37.943519592285156,-122.34336853027344,"CONTRA COSTA",RICHMOND,-122.34317779541016,37.943656921386719
9355666,2021,2021-10-25,0710,2021-08-01,1903,1655,,7,5,5,0710,0,0,0,,0,,"28TH ST","DOWNER AV",0.00,,N,A,-,N,,,,,,,,,,N,4,0,1,2,A,-,09,21804,,N,D,G,A,A,H,-,A,D,0,,Y,,,Y,Y,A,01,0,0,1,0,0,0,1,0,0,"- ","- ",37.941318511962891,-122.34111785888672,"CONTRA COSTA",RICHMOND,-122.3409423828125,37.942981719970703
9361931,2021,2021-12-06,0710,2021-09-18,2100,1749,CENTR,6,5,5,0710,0,0,0,,0,004,"MACDONALD AV","22ND ST",0.00,,Y,A,-,N,,,,,,,,,,,4,0,1,2,A,-,09,21804,A,F,G,B,B,A,H,-,C,A,0,Y,,,,Y,,D,72,0,0,1,0,1,0,0,0,0,"- ","- ",37.935550689697266,-122.34845733642578,"CONTRA COSTA",RICHMOND,-122.34857940673828,37.935737609863281
9362201,2021,2021-12-07,0710,2021-09-10,1520,1635,NORTH,5,5,5,0710,0,0,0,,0,008,"ROBERT H MILLER DR","BIRMINGHAM DR",0.00,,Y,A,-,N,,,,,,,,,,,3,0,1,2,A,-,09,21801,A,N,D,G,A,A,H,-,A,D,0,,Y,,,Y,,A,07,0,1,0,0,0,0,1,0,0,"- ","- ",37.976169586181641,-122.33730316162109,"CONTRA COSTA",RICHMOND,-122.33769989013672,37.976165771484375
9362205,2021,2021-12-07,0710,2021-09-04,2230,1726,NORTH,6,5,5,0710,0,0,0,,0,007,"MACDONAD AV","38TH ST",47.00,E,N,A,-,N,,,,,,,,,,,4,0,1,2,A,-,17,22517,,N,D,G,A,A,H,-,C,D,0,,Y,,,Y,,A,01,0,0,1,0,0,0,1,0,0,"- ","- ",37.933731079101562,-122.33312225341797,"CONTRA COSTA",RICHMOND,-122.33316040039062,37.933704376220703
9362209,2021,2021-12-09,0710,2021-09-16,1748,1635,SOUTH,4,5,5,0710,0,0,0,,0,001,"S 8TH ST","OHIO AV",0.00,,Y,A,-,N,,,,,,,,,,,4,0,1,2,A,-,05,21650,1,N,D,G,A,A,H,-,A,D,0,,Y,,,Y,,L,04,0,0,1,0,0,0,1,0,0,"- ","- ",,,"CONTRA COSTA",RICHMOND,-122.36194610595703,37.930824279785156
9362213,2021,2021-12-07,0710,2021-09-24,1645,1343,CENTR,5,5,5,0710,0,0,0,,0,005,"11TH ST","ROOSVELET A",407.00,N,N,A,-,N,,,,,,,,,,,3,0,1,2,A,-,03,22350,,F,B,G,A,A,H,-,A,D,0,,Y,,,Y,,-,,0,1,0,0,0,0,1,0,0,"- ","- ",37.939949035644531,-122.35881042480469,"CONTRA COSTA",RICHMOND,-122.35901641845703,37.941062927246094
9362216,2021,2021-12-07,0710,2021-09-22,0749,1799,SOUTH,3,5,5,0710,0,0,0,,0,003,"CARLSON BL","SOUTH ST",3.00,W,N,A,-,N,,,,,,,,,,,4,0,1,2,A,-,08,22107,,N,H,G,A,A,H,-,A,D,0,,Y,,,Y,,A,01,0,0,1,0,0,0,1,0,0,"- ","- ",37.925991058349609,-122.33895874023438,"CONTRA COSTA",RICHMOND,-122.33902740478516,37.925876617431641
93764066,2024,2024-08-06,9370,2024-07-25,1900,023694,,4,2,5,0710,0,1,1,,2,081,"I-80 E/B FROM CENTRAL AVENUE","CENTRAL AVE",74.00,E,N,A,-,Y,CC,,80," "," ",0.253,H,,R,N,4,0,1,2,A,-,05,21651,B,N,B,G,A,A,H,-,A,D,0,,Y,,,Y,,L,04,0,0,1,0,0,0,1,0,0,"- ","- ",37.901260375976562,-122.31065368652344,"CONTRA COSTA",RICHMOND,-122.31088256835938,37.901161193847656
94439370,2024,2024-10-21,9370,2024-10-14,2015,024008,,1,2,5,0710,0,3,5,,2,012,"KENSINGTON AVENUE (6300 BLOCK)","ELM ST",20.00,N,N,A,-,N,,,,,,,,,,N,3,0,1,2,A,-,21,22106,,N,H,B,F,A,H,-,C,D,0,Y,,,,Y,,A,01,0,1,0,0,1,0,0,0,0,"- ","- ",37.942630767822266,-122.31189727783203,"CONTRA COSTA",RICHMOND,-122.31198120117188,37.942768096923828
94544814,2025,2025-01-21,9370,2025-01-11,1800,023795,,6,2,5,0710,0,3,5,,2,012,"ARLINGTON BLVD","MONTEREY AVE",0.00,,Y,A,-,Y,,,,,,,,,,N,3,0,1,2,A,-,08,22107,,M,G,B,B,A,H,-,C,D,0,Y,,,,Y,,-,99,0,1,0,0,1,0,0,0,0,"- ","- ",37.94635009765625,-122.31813049316406,"CONTRA COSTA",RICHMOND,-122.31816864013672,37.946285247802734
9640159,2023,2025-06-26,0710,2023-02-18,"630 ",1662,SOUTH,6,5,5,0710,0,0,0,,0,003,"CARLSON BL","CUTTING BL",15.00,N,N,A,-,N,,,,,,,,,,N,1,1,0,2,A,-,10,21950,A,F,G,B,B,A,H,-,B,A,0,Y,,,,Y,,-,99,0,0,0,1,0,0,0,0,0,"- ","- ",37.925300598144531,-122.33804321289062,"CONTRA COSTA",RICHMOND,-122.33815765380859,37.925239562988281